【令和６年７月１日時点】入所児童数,,,,,,,,,,,,
施設所在区,標準地域コード,施設・事業名,施設番号,０歳児,１歳児,２歳児,３歳児,４歳児,５歳児,合計,更新日,
鶴見区,14101,横浜市馬場保育園,1410051018778,-,6,9,15,17,17,64,2024-07-01,
鶴見区,14101,横浜市鶴見保育園,1410051020006,3,8,12,20,17,21,81,2024-07-01,
鶴見区,14101,横浜市芦穂崎保育園,1410051018760,8,16,20,20,22,24,110,2024-07-01,
鶴見区,14101,横浜市潮田保育園,1410051019990,7,14,18,23,25,23,110,2024-07-01,
鶴見区,14101,北寺尾第二むつみ保育園,1410051019461,6,9,12,13,13,13,66,2024-07-01,
鶴見区,14101,北寺尾むつみ保育園,1410051017879,6,8,9,16,16,15,70,2024-07-01,
鶴見区,14101,ねむの樹　北寺尾保育園,1410051013787,6,8,6,8,8,8,44,2024-07-01,
鶴見区,14101,馬場どろんこ保育園,1410051025542,6,10,12,14,14,12,68,2024-07-01,
鶴見区,14101,ベネッセ菊名保育園,1410051025898,6,10,11,11,11,11,60,2024-07-01,
鶴見区,14101,きくなハート保育園,1410051025872,3,8,10,13,13,13,60,2024-07-01,
鶴見区,14101,駒岡げんきっず保育園,1410051024909,2,9,7,11,10,11,50,2024-07-01,
鶴見区,14101,にじの風保育園,1410051013779,6,8,10,13,15,16,68,2024-07-01,
鶴見区,14101,ＳＡＮＤＡ ＫＩＤ保育園,1410051025864,6,8,10,12,12,12,60,2024-07-01,
鶴見区,14101,にじいろ保育園駒岡四丁目,1410051027100,-,5,7,11,10,6,39,2024-07-01,
鶴見区,14101,駒岡保育園,1410051013688,3,7,11,14,14,14,63,2024-07-01,
鶴見区,14101,明日葉保育園駒岡園,1410051026482,6,10,11,11,11,8,57,2024-07-01,
鶴見区,14101,にじいろ保育園駒岡,1410051026714,-,8,10,13,13,12,56,2024-07-01,
鶴見区,14101,駒岡こども園,1410051018539,4,7,6,6,6,4,33,2024-07-01,
鶴見区,14101,えみ保育園,1410051017861,9,12,15,19,18,19,92,2024-07-01,
鶴見区,14101,上末吉白百合保育園,1410051013670,10,12,11,12,12,12,69,2024-07-01,
鶴見区,14101,末吉いづみ保育園,1410051013704,10,34,35,36,36,36,187,2024-07-01,
鶴見区,14101,鶴見どろんこ保育園,1410051016194,6,16,18,19,20,20,99,2024-07-01,
鶴見区,14101,末吉にこにこ保育園,1410051018547,10,10,10,12,12,12,66,2024-07-01,
鶴見区,14101,保育室ベルファミーユ,1410051025203,0,3,4,-,-,-,7,2024-07-01,
鶴見区,14101,わおわお東寺尾保育園,1410051017937,6,8,12,14,14,14,68,2024-07-01,
鶴見区,14101,東寺尾どろんこ保育園,1410051023737,15,24,25,29,30,26,149,2024-07-01,
鶴見区,14101,フェアリーテイルつばさ,1410051025435,4,12,10,11,11,12,60,2024-07-01,
鶴見区,14101,フェアリーテイルみらい,1410051026706,-,10,11,11,11,12,55,2024-07-01,
鶴見区,14101,總持寺保育園,1410051015105,9,60,54,62,66,69,320,2024-07-01,
鶴見区,14101,ルーチェ保育園　鶴見,1410051019487,6,12,12,11,12,12,65,2024-07-01,
鶴見区,14101,豊岡ひまわり保育園,1410051025377,6,8,10,12,12,12,60,2024-07-01,
鶴見区,14101,みゆさと保育園,1410051025419,5,8,10,12,12,12,59,2024-07-01,
鶴見区,14101,横浜山手モンテッソーリ保育園,1410051025880,3,8,10,10,10,10,51,2024-07-01,
鶴見区,14101,あゆみ保育園　鶴見,1410051024719,5,15,15,17,17,20,89,2024-07-01,
鶴見区,14101,鶴見乳幼児福祉センター保育園,1410051017887,5,20,20,19,22,23,109,2024-07-01,
鶴見区,14101,花園保育園ベビーホーム,1410051017895,2,10,18,15,20,23,88,2024-07-01,
鶴見区,14101,花月園前ここわ保育園,1410051024933,7,12,13,13,14,14,73,2024-07-01,
鶴見区,14101,ヨコハマさくら保育園,1410051019867,9,12,18,16,18,17,90,2024-07-01,
鶴見区,14101,生麦保育園,1410051016251,-,8,17,17,17,17,76,2024-07-01,
鶴見区,14101,生麦ポケット保育園,1410051026078,2,8,10,12,11,11,54,2024-07-01,
鶴見区,14101,スターチャイルド≪生麦ナーサリー≫,1410051026664,0,8,9,11,7,11,46,2024-07-01,
鶴見区,14101,ＳＥＡ　ＫＩＤ保育園,1410051024461,10,15,15,20,19,22,101,2024-07-01,
鶴見区,14101,Ｐ’ｓスマイル保育園,1410051016152,-,8,9,10,11,11,49,2024-07-01,
鶴見区,14101,鶴見ポケット保育園,1410051013738,6,10,10,12,11,12,61,2024-07-01,
鶴見区,14101,Ｊキッズプラネット鶴見保育園,1410051015097,6,8,13,13,15,16,71,2024-07-01,
鶴見区,14101,桑の実鶴見保育園,1410051016160,6,10,10,13,14,13,66,2024-07-01,
鶴見区,14101,ビーンズ保育園,1410051013795,8,12,15,15,20,19,89,2024-07-01,
鶴見区,14101,鶴見あけぼの保育園,1410051016186,6,11,12,10,12,12,63,2024-07-01,
鶴見区,14101,鶴見中央はなかご保育園,1410051024750,-,7,9,10,12,12,50,2024-07-01,
鶴見区,14101,ナーサリーつるみ,1410051013761,1,7,10,20,19,15,72,2024-07-01,
鶴見区,14101,実遊中央保育園,1410051017903,4,6,9,7,8,9,43,2024-07-01,
鶴見区,14101,ポピンズナーサリースクール鶴見,1410051019479,4,8,10,11,12,10,55,2024-07-01,
鶴見区,14101,あーす保育園鶴見中央,1410051026615,-,2,7,8,8,7,32,2024-07-01,
鶴見区,14101,鶴見すずらん保育園,1410051013720,9,16,23,23,23,24,118,2024-07-01,
鶴見区,14101,トライアングル　スマイル,1410051025369,3,4,8,6,9,9,39,2024-07-01,
鶴見区,14101,かもめ保育園,1410051017945,6,12,12,12,11,10,63,2024-07-01,
鶴見区,14101,保育園スカイ・ウイング,1410051026771,6,17,24,23,23,23,116,2024-07-01,
鶴見区,14101,總持寺本町通保育園,1410051015113,8,20,22,30,31,26,137,2024-07-01,
鶴見区,14101,みつる保育園,1410051016236,6,20,20,22,22,22,112,2024-07-01,
鶴見区,14101,みつばち保育園,1410051013803,3,15,16,17,15,18,84,2024-07-01,
鶴見区,14101,入船の森保育園,1410051014645,-,5,8,7,8,6,34,2024-07-01,
鶴見区,14101,東漸保育園,1410051016228,3,12,15,18,17,18,83,2024-07-01,
鶴見区,14101,わくわくの森保育園,1410051013811,3,13,12,13,12,13,66,2024-07-01,
鶴見区,14101,ねむの樹　元宮保育園,1410051019495,-,-,19,21,25,29,94,2024-07-01,
鶴見区,14101,鶴見ルーナ保育園,1410051016202,4,15,18,20,19,20,96,2024-07-01,
鶴見区,14101,太陽の子　尻手保育園,1410051013712,9,14,15,15,10,16,79,2024-07-01,
鶴見区,14101,市場保育園,1410051013662,4,13,22,22,25,26,112,2024-07-01,
鶴見区,14101,わおわお保育園,1410051015345,8,24,27,26,27,25,137,2024-07-01,
鶴見区,14101,ミアヘルサ保育園ひびき矢向,1410051016210,4,12,12,10,12,8,58,2024-07-01,
鶴見区,14101,矢向あけぼの保育園,1410051016244,4,6,9,12,11,9,51,2024-07-01,
鶴見区,14101,明日葉保育園鶴見園,1410051026524,-,10,11,12,11,9,53,2024-07-01,
鶴見区,14101,オハナ鶴見保育園,1410051024735,4,14,16,13,16,18,81,2024-07-01,
鶴見区,14101,市場ポケット保育園,1410051023851,4,8,10,11,11,12,56,2024-07-01,
鶴見区,14101,太陽の子　鶴見市場保育園,1410051023943,6,8,10,13,12,11,60,2024-07-01,
鶴見区,14101,尻手すきっぷ保育園,1410051024313,3,12,12,11,10,12,60,2024-07-01,
鶴見区,14101,横浜矢向雲母保育園,1410051025682,3,3,8,8,6,11,39,2024-07-01,
鶴見区,14101,ぶれすと尻手ほいくえん,1410051024453,5,10,10,14,14,15,68,2024-07-01,
鶴見区,14101,こあらっこはうす　ル・ソレイユ,1410051024149,6,8,10,11,12,10,57,2024-07-01,
鶴見区,14101,ゆめいろ保育園,1410051017929,12,21,22,26,21,22,124,2024-07-01,
鶴見区,14101,Gakkenほいくえん矢向,1410051018521,-,5,8,10,7,11,41,2024-07-01,
鶴見区,14101,矢向保育園,1410051017911,3,10,14,12,12,17,68,2024-07-01,
鶴見区,14101,ベネッセ　矢向保育園,1410051015139,5,9,11,9,9,11,54,2024-07-01,
鶴見区,14101,スターチャイルド≪矢向ナーサリー≫,1410051023513,5,8,9,9,8,8,47,2024-07-01,
鶴見区,14101,新鶴見はなかご保育園,1410051013696,3,12,12,11,12,11,61,2024-07-01,
鶴見区,14101,わおわお江ヶ崎保育園,1410051019453,6,12,12,12,14,14,70,2024-07-01,
鶴見区,14101,木下の保育園　江ヶ崎,1410051024537,2,8,10,14,13,14,61,2024-07-01,
鶴見区,14101,幸いづみ保育園,1410099000001,0,4,3,5,5,5,22,2024-07-01,
鶴見区,14101,認定こども園　若葉幼稚園,1410051023919,-,-,-,0,0,3,3,2024-07-01,
鶴見区,14101,幼保連携型認定こども園　あさひ台幼稚園,1410051025286,-,10,10,10,10,10,50,2024-07-01,
鶴見区,14101,認定こども園　ＹＭＣＡつるみ保育園,1410051025765,4,12,10,11,10,10,57,2024-07-01,
鶴見区,14101,三色えのぐの保育園,1410052003266,2,6,3,-,-,-,11,2024-07-01,
鶴見区,14101,ユニコーン・キッズクラブ,1410052004231,1,4,5,-,-,-,10,2024-07-01,
鶴見区,14101,鶴見ハート保育園,1410052004249,1,3,1,-,-,-,5,2024-07-01,
鶴見区,14101,鶴見Ａｓａ保育園,1410052004751,2,5,4,-,-,-,11,2024-07-01,
鶴見区,14101,ぶれすと尻手ほいくえん附属元宮,1410052005147,4,8,8,-,-,-,20,2024-07-01,
鶴見区,14101,尻手スマイル保育園,1410052004876,3,4,4,-,-,-,11,2024-07-01,
鶴見区,14101,矢向つぼみ保育園,1410052005626,0,8,8,-,-,-,16,2024-07-01,
鶴見区,14101,北寺尾むつみ小規模保育施設,1410052003183,-,4,4,-,-,-,8,2024-07-01,
鶴見区,14101,北寺尾４丁目むつみ小規模保育施設,1410052004942,-,4,4,-,-,-,8,2024-07-01,
鶴見区,14101,フラッフィー小規模保育園,1410052005618,-,5,3,-,-,-,8,2024-07-01,
鶴見区,14101,桑の実馬場保育園,1410052003241,3,8,8,-,-,-,19,2024-07-01,
鶴見区,14101,ひまわりニコニコ保育園,1410052005519,0,7,7,-,-,-,14,2024-07-01,
鶴見区,14101,リュミエール小規模保育園,1410052005139,-,1,5,-,-,-,6,2024-07-01,
鶴見区,14101,ＳＡＩＬ　ＫＩＤ保育園,1410052004769,3,10,6,-,-,-,19,2024-07-01,
鶴見区,14101,鶴見中央ハート保育園,1410052005170,0,7,8,-,-,-,15,2024-07-01,
鶴見区,14101,鶴見ぬくもり保育園,1410052005493,1,3,6,-,-,-,10,2024-07-01,
鶴見区,14101,きらぼし保育園,1410052005121,0,4,5,-,-,-,9,2024-07-01,
鶴見区,14101,おれんじハウス鶴見保育園,1410052005162,2,6,6,-,-,-,14,2024-07-01,
鶴見区,14101,しおつるばしハート保育園,1410052004637,3,4,5,-,-,-,12,2024-07-01,
鶴見区,14101,ひだまりの保育園,1410052005196,1,3,9,-,-,-,13,2024-07-01,
鶴見区,14101,鶴見サンフラワー保育園,1410052005501,2,0,5,-,-,-,7,2024-07-01,
鶴見区,14101,鶴見なのはな保育園,1410052005451,3,3,5,-,-,-,11,2024-07-01,
神奈川区,14102,横浜市西菅田保育園,1410051018802,-,9,12,14,15,13,63,2024-07-01,
神奈川区,14102,保育園こりす,1410051014678,9,16,16,16,16,16,89,2024-07-01,
神奈川区,14102,あおぞら菅田保育園,1410051025260,-,11,12,14,16,16,69,2024-07-01,
神奈川区,14102,羽沢保育園,1410051013886,6,24,25,29,29,29,142,2024-07-01,
神奈川区,14102,アイン三枚町保育園,1410051019511,6,12,15,13,15,15,76,2024-07-01,
神奈川区,14102,コビープリスクールかたくら,1410051025484,3,9,10,12,13,13,60,2024-07-01,
神奈川区,14102,Gakkenほいくえん片倉,1410051019503,6,8,10,12,12,12,60,2024-07-01,
神奈川区,14102,空と杜の保育園かんだいじ,1410051027464,2,8,10,12,6,9,47,2024-07-01,
神奈川区,14102,あおぞら保育園,1410051017978,7,21,21,21,22,21,113,2024-07-01,
神奈川区,14102,ポピンズナーサリースクール片倉町,1410051019222,7,10,10,10,10,11,58,2024-07-01,
神奈川区,14102,横浜市神大寺保育園,1410051018794,-,7,8,12,13,15,55,2024-07-01,
神奈川区,14102,ポピンズナーサリースクール片倉町駅前,1410051026722,-,8,9,11,10,11,49,2024-07-01,
神奈川区,14102,スターチャイルド≪片倉町ナーサリー≫,1410051027936,-,10,11,8,0,0,29,2024-07-01,
神奈川区,14102,こころキッズ,1410051026607,-,9,9,16,15,16,65,2024-07-01,
神奈川区,14102,スターチャイルド≪三ッ沢上町ナーサリー≫,1410051024958,6,8,10,12,12,13,61,2024-07-01,
神奈川区,14102,三ツ沢保育園,1410051025195,-,2,7,9,8,7,33,2024-07-01,
神奈川区,14102,フレール保育園,1410051024156,3,8,8,10,10,7,46,2024-07-01,
神奈川区,14102,いずみ松本町保育園,1410051023745,9,26,28,29,30,30,152,2024-07-01,
神奈川区,14102,アイン松本町保育園,1410051017952,6,11,13,12,15,14,71,2024-07-01,
神奈川区,14102,いずみ反町保育園,1410051013654,6,12,12,11,10,12,63,2024-07-01,
神奈川区,14102,アイン高島台保育園,1410051018026,6,8,10,12,11,13,60,2024-07-01,
神奈川区,14102,Gakkenほいくえん反町,1410051024768,3,10,10,11,11,11,56,2024-07-01,
神奈川区,14102,いずみ反町公園保育園,1410051024438,-,5,5,7,9,9,35,2024-07-01,
神奈川区,14102,小鳩保育園,1410051016293,4,8,10,8,7,10,47,2024-07-01,
神奈川区,14102,小鳩保育園分園,1410051016285,6,10,11,11,7,11,56,2024-07-01,
神奈川区,14102,エンゼル保育園,1410051018570,-,8,8,6,6,7,35,2024-07-01,
神奈川区,14102,かながわ保育園,1410051027035,12,18,18,20,17,18,103,2024-07-01,
神奈川区,14102,きゃんばす東神奈川保育園,1410051025708,3,10,9,11,7,7,47,2024-07-01,
神奈川区,14102,たいせつ保育園,1410051023638,2,8,10,-,-,-,20,2024-07-01,
神奈川区,14102,メリー★ポピンズ東神奈川ルーム,1410051016350,-,7,6,6,5,7,31,2024-07-01,
神奈川区,14102,反町ひかり保育園,1410051027266,-,8,10,12,10,9,49,2024-07-01,
神奈川区,14102,いずみ東白楽保育園,1410051013837,6,12,15,14,15,15,77,2024-07-01,
神奈川区,14102,めばえ横浜保育園,1410051015147,6,19,24,23,21,19,112,2024-07-01,
神奈川区,14102,キッズパートナー六角橋,1410051024792,3,8,9,10,11,11,52,2024-07-01,
神奈川区,14102,グローバルキッズ白楽園,1410051014660,6,11,11,11,9,8,56,2024-07-01,
神奈川区,14102,スターチャイルド≪白楽ナーサリー≫,1410051024941,6,8,10,12,10,13,59,2024-07-01,
神奈川区,14102,あおぞら第２保育園,1410051017960,6,11,10,11,11,11,60,2024-07-01,
神奈川区,14102,マフィス白楽ナーサリー,1410051026763,3,9,9,11,10,7,49,2024-07-01,
神奈川区,14102,スターチャイルド≪岸根公園ナーサリー≫,1410051024339,6,8,10,8,10,12,54,2024-07-01,
神奈川区,14102,白楽あいいく保育園,1410051018018,6,12,15,17,16,18,84,2024-07-01,
神奈川区,14102,キッズラボ白楽園,1410051024446,8,7,8,6,2,1,32,2024-07-01,
神奈川区,14102,白幡フレール保育園,1410051016301,9,16,20,24,22,17,108,2024-07-01,
神奈川区,14102,白幡保育園,1410051013860,11,18,18,18,17,13,95,2024-07-01,
神奈川区,14102,キッズパートナー妙蓮寺,1410051025492,2,9,9,11,12,13,56,2024-07-01,
神奈川区,14102,横浜市松見保育園,1410051018810,5,16,18,21,21,21,102,2024-07-01,
神奈川区,14102,ブライト保育園横浜松見町,1410051024966,6,12,10,12,11,12,63,2024-07-01,
神奈川区,14102,ひびき保育園,1410051016327,1,12,13,14,15,15,70,2024-07-01,
神奈川区,14102,西寺尾保育園,1410051016319,7,24,25,25,19,24,124,2024-07-01,
神奈川区,14102,神ノ木保育園,1410051013845,12,28,30,34,33,30,167,2024-07-01,
神奈川区,14102,グローバルキッズ大口園,1410051023521,4,10,10,13,13,10,60,2024-07-01,
神奈川区,14102,横浜大口雲母保育園,1410051025690,6,10,11,11,9,11,58,2024-07-01,
神奈川区,14102,聖徳保育園,1410051013852,14,33,39,34,43,37,200,2024-07-01,
神奈川区,14102,きゃんばす子安台保育園,1410051024834,3,8,10,13,11,13,58,2024-07-01,
神奈川区,14102,ゆうゆうきっず横浜,1410051013894,11,24,25,28,28,27,143,2024-07-01,
神奈川区,14102,なないろきっど保育園,1410051025351,3,8,11,12,7,10,51,2024-07-01,
神奈川区,14102,グローバルキッズ新子安保育園,1410051019529,6,10,11,11,8,11,57,2024-07-01,
神奈川区,14102,ゆうゆうきっず新子安,1410051024412,9,20,24,29,29,29,140,2024-07-01,
神奈川区,14102,ＧＥＮＫＩＤＳバイリンガル保育園新子安,1410051027415,3,10,11,12,12,9,57,2024-07-01,
神奈川区,14102,太陽の子　新子安保育園,1410051013878,6,6,6,6,6,5,35,2024-07-01,
神奈川区,14102,グローバルキッズ新子安第二保育園,1410051027209,-,12,12,12,12,7,55,2024-07-01,
神奈川区,14102,浦島保育園,1410051014652,0,9,20,20,22,25,96,2024-07-01,
神奈川区,14102,白百合乳児保育園,1410051017986,3,17,20,17,18,19,94,2024-07-01,
神奈川区,14102,第二白百合乳児保育園,1410051017994,5,13,12,12,5,11,58,2024-07-01,
神奈川区,14102,グローバルキッズ子安駅前保育園,1410051024917,3,6,7,7,8,7,38,2024-07-01,
神奈川区,14102,ＹＭＣＡ東かながわ保育園,1410051016277,8,12,12,13,13,13,71,2024-07-01,
神奈川区,14102,ナーサリー横浜ポートサイド,1410051018000,6,16,18,18,16,18,92,2024-07-01,
神奈川区,14102,横浜すきっぷ保育園,1410051016343,4,7,10,11,10,10,52,2024-07-01,
神奈川区,14102,ひびき金港町保育園,1410051024420,-,12,14,15,14,14,69,2024-07-01,
神奈川区,14102,ウィズブック保育園青木町,1410051026599,4,8,10,9,7,10,48,2024-07-01,
神奈川区,14102,認定こども園捜真幼稚園,1410051020469,-,8,10,11,14,13,56,2024-07-01,
神奈川区,14102,うちゅうこども園たんまち,1410051026227,12,12,12,12,12,10,70,2024-07-01,
神奈川区,14102,保育ルーム　岸根公園前,1410052003571,0,3,4,-,-,-,7,2024-07-01,
神奈川区,14102,こころベイビー,1410052004199,4,8,8,-,-,-,20,2024-07-01,
神奈川区,14102,みらいつばさ片倉町保育園,1410052005964,-,6,6,-,-,-,12,2024-07-01,
神奈川区,14102,横浜シュタイナー保育園,1410052003456,-,6,6,-,-,-,12,2024-07-01,
神奈川区,14102,京進のほいくえんＨＯＰＰＡ反町園,1410052004348,1,4,5,-,-,-,10,2024-07-01,
神奈川区,14102,東神奈川ひかり保育園,1410052003464,3,5,7,-,-,-,15,2024-07-01,
神奈川区,14102,キッズパートナー東白楽,1410052004322,3,8,8,-,-,-,19,2024-07-01,
神奈川区,14102,横浜ノーベル保育園,1410052004819,1,4,7,-,-,-,12,2024-07-01,
神奈川区,14102,ＳＵＮＮＹ　ＫＩＤ保育園,1410052004306,3,6,7,-,-,-,16,2024-07-01,
神奈川区,14102,西寺尾チューリップルーム,1410052004330,0,3,4,-,-,-,7,2024-07-01,
神奈川区,14102,京浜保育園パステル,1410052005659,3,9,10,-,-,-,22,2024-07-01,
神奈川区,14102,リトルスカラー新子安保育園,1410052004652,3,6,7,-,-,-,16,2024-07-01,
神奈川区,14102,キッズパートナー新子安,1410052004314,3,1,8,-,-,-,12,2024-07-01,
神奈川区,14102,新町あいりす保育園（令和７年３月で閉園します）,1410052004520,-,-,8,-,-,-,8,2024-07-01,
神奈川区,14102,おれんじハウス横浜駅前保育園,1410052003001,1,4,3,-,-,-,8,2024-07-01,
神奈川区,14102,たいせつ横浜ポートサイド保育園,1410052004645,2,7,8,-,-,-,17,2024-07-01,
神奈川区,14102,ポートサイド野ばな保育園,1410052005998,-,4,0,-,-,-,4,2024-07-01,
神奈川区,14102,スターチャイルド≪横浜ステーションナーサリー≫,1410052005212,3,8,8,-,-,-,19,2024-07-01,
神奈川区,14102,Yokohama Front Mutsumi Nursery,1410052006004,3,8,8,-,-,-,19,2024-07-01,
神奈川区,14102,かわち保育ルーム（令和７年３月で閉園します）,1410052003712,-,-,3,-,-,-,3,2024-07-01,
神奈川区,14102,こまつな保育園,1410052004082,2,3,3,-,-,-,8,2024-07-01,
西区,14103,横浜市南浅間保育園,1410051020014,10,15,17,18,23,22,105,2024-07-01,
西区,14103,トキワ保育園,1410051016368,3,10,12,12,12,11,60,2024-07-01,
西区,14103,利正寺保育園,1410051014694,-,4,14,13,12,16,59,2024-07-01,
西区,14103,浅間幼育園,1410051019883,-,15,15,14,12,13,69,2024-07-01,
西区,14103,むつみ愛児園,1410051027514,-,-,5,9,11,10,35,2024-07-01,
西区,14103,つくし愛児園,1410051020394,-,-,0,0,0,0,0,2024-07-01,
西区,14103,平沼保育園,1410051019305,3,12,12,12,12,12,63,2024-07-01,
西区,14103,あそびの杜保育園（分園含む）,1410051014686,5,12,13,15,15,15,75,2024-07-01,
西区,14103,横浜みなとみらい保育園,1410051016384,20,22,23,23,23,24,135,2024-07-01,
西区,14103,にじいろ保育園みなとみらい,1410051015352,6,12,15,14,12,9,68,2024-07-01,
西区,14103,ポピンズナーサリースクールみなとみらい,1410051019230,5,8,9,9,9,8,48,2024-07-01,
西区,14103,ムーミン保育園,1410051016392,7,9,11,12,12,9,60,2024-07-01,
西区,14103,ほっぺるランド横浜岡野,1410051013902,-,11,12,10,13,11,57,2024-07-01,
西区,14103,グリーンポート桜木町保育園,1410051014702,6,16,16,10,16,16,80,2024-07-01,
西区,14103,ポピンズナーサリースクール横浜,1410051019248,6,8,10,10,7,12,53,2024-07-01,
西区,14103,ろぜっと保育園,1410051016400,9,12,15,18,18,18,90,2024-07-01,
西区,14103,桃の木保育園,1410051018034,6,9,9,12,12,10,58,2024-07-01,
西区,14103,キッズポケット木の葉保育園,1410051024172,7,10,10,14,14,14,69,2024-07-01,
西区,14103,マイ・ハート紅葉ヶ丘保育園,1410051024347,3,6,6,8,8,6,37,2024-07-01,
西区,14103,キッズパートナーみなとみらい,1410051024081,3,7,7,10,11,12,50,2024-07-01,
西区,14103,キッズポケット保育園,1410051019313,6,10,12,-,-,-,28,2024-07-01,
西区,14103,横浜岡野すきっぷ保育園,1410051024776,6,10,10,11,12,11,60,2024-07-01,
西区,14103,おはよう保育園　花咲町,1410051025039,3,9,10,12,10,12,56,2024-07-01,
西区,14103,みなとみらいくばがさ保育園,1410051024677,9,12,13,15,10,14,73,2024-07-01,
西区,14103,ウィズブック保育園戸部,1410051025450,6,10,10,12,12,12,62,2024-07-01,
西区,14103,横浜そらいろ保育園,1410051025559,3,9,12,11,12,10,57,2024-07-01,
西区,14103,Maple Nursery 横浜,1410051028181,0,8,8,11,6,7,40,2024-07-01,
西区,14103,アミー保育園高島園,1410051025393,0,7,6,5,7,6,31,2024-07-01,
西区,14103,京急キッズランド新高島保育園,1410051025914,5,8,10,11,12,10,56,2024-07-01,
西区,14103,ポピンズナーサリースクール平沼橋,1410051027332,-,8,9,10,11,8,46,2024-07-01,
西区,14103,にじいろ保育園平沼,1410051027118,-,11,14,10,13,7,55,2024-07-01,
西区,14103,横浜西口保育園,1410051027597,5,7,9,8,4,0,33,2024-07-01,
西区,14103,西区中央もえぎ保育室,1410052003399,2,2,4,-,-,-,8,2024-07-01,
西区,14103,おれんじハウス西戸部保育園,1410052002870,2,4,5,-,-,-,11,2024-07-01,
西区,14103,キッズパートナー平沼橋,1410052002961,6,6,7,-,-,-,19,2024-07-01,
西区,14103,キッズパートナー横浜楠町,1410052004157,3,7,8,-,-,-,18,2024-07-01,
西区,14103,キャリー保育園　桜木町,1410052004256,3,8,8,-,-,-,19,2024-07-01,
西区,14103,キッズパートナーみなとみらい第２,1410052004660,2,7,4,-,-,-,13,2024-07-01,
西区,14103,Maple Nursery WEST,1410052005071,3,4,5,-,-,-,12,2024-07-01,
西区,14103,戸部みつばち保育園,1410052005832,-,7,7,-,-,-,14,2024-07-01,
西区,14103,すぎやま家庭保育室,1410052004926,0,1,1,-,-,-,2,2024-07-01,
中区,14104,スターチャイルド《桜木町ステーションナーサリー》,1410051025922,3,8,8,10,10,10,49,2024-07-01,
中区,14104,クラウン保育園,1410051027217,-,12,15,15,13,12,67,2024-07-01,
中区,14104,ポピンズナーサリースクール馬車道,1410051016483,6,9,9,9,7,6,46,2024-07-01,
中区,14104,アスク馬車道保育園,1410051016418,7,17,17,17,16,12,86,2024-07-01,
中区,14104,にじいろ保育園関内,1410051024925,5,7,9,8,10,10,49,2024-07-01,
中区,14104,伊勢佐木町保育園,1410051023604,6,5,10,-,-,-,21,2024-07-01,
中区,14104,ララランド横浜伊勢佐木,1410051026656,5,14,14,17,16,16,82,2024-07-01,
中区,14104,アスク山下町保育園,1410051016426,3,10,10,8,13,7,51,2024-07-01,
中区,14104,横濱中華幼保園,1410051026805,8,20,20,23,26,27,124,2024-07-01,
中区,14104,うちゅう保育園やました,1410051023711,8,10,10,10,9,10,57,2024-07-01,
中区,14104,アメリカ山徳育こども園,1410051013910,9,15,16,20,22,22,104,2024-07-01,
中区,14104,木下の保育園　山下町,1410051024552,1,7,9,6,8,6,37,2024-07-01,
中区,14104,うみの風保育園,1410051013928,3,8,8,7,8,7,41,2024-07-01,
中区,14104,新山下二丁目保育所,1410051016467,10,16,17,19,20,19,101,2024-07-01,
中区,14104,保育園小紅,1410051024180,6,12,15,-,-,-,33,2024-07-01,
中区,14104,キディ石川町・横浜,1410051013936,3,12,12,14,13,14,68,2024-07-01,
中区,14104,ラフ・クルー元町保育園,1410051015154,7,9,10,10,11,11,58,2024-07-01,
中区,14104,ことぶき保育園,1410051015360,5,6,11,10,13,12,57,2024-07-01,
中区,14104,寿福祉センター保育所,1410051016459,2,3,13,13,13,12,56,2024-07-01,
中区,14104,保育園ばんびーな,1410051018588,-,2,9,7,8,8,34,2024-07-01,
中区,14104,ヨコハマきぼう保育園,1410051019891,5,12,17,16,18,17,85,2024-07-01,
中区,14104,打越保育園,1410051016434,-,10,13,10,15,11,59,2024-07-01,
中区,14104,横浜市山手保育園,1410051018828,-,8,15,13,15,16,67,2024-07-01,
中区,14104,うちゅうこども園やまて,1410051025773,9,12,12,12,13,12,70,2024-07-01,
中区,14104,横浜市竹之丸保育園,1410051018836,7,16,18,21,25,25,112,2024-07-01,
中区,14104,山元町保育園,1410051018042,3,17,25,21,25,25,116,2024-07-01,
中区,14104,木下の保育園　本牧,1410051024545,3,12,10,10,15,15,65,2024-07-01,
中区,14104,横浜市錦保育園,1410051020022,-,6,12,11,14,14,57,2024-07-01,
中区,14104,すいとぴー保育園,1410051016475,5,9,10,11,10,10,55,2024-07-01,
中区,14104,高風保育園,1410051016442,-,12,14,15,19,25,85,2024-07-01,
中区,14104,アスク本牧保育園,1410051019321,6,8,12,15,12,15,68,2024-07-01,
中区,14104,太陽の子　不動下保育園,1410051016491,3,8,9,10,10,9,49,2024-07-01,
中区,14104,ニチイキッズ桜木町保育園,1410052005063,4,6,7,-,-,-,17,2024-07-01,
中区,14104,キッズパートナー横浜市役所,1410052005477,3,8,8,-,-,-,19,2024-07-01,
中区,14104,徳育ナーサリー山下公園,1410052003068,1,7,8,-,-,-,16,2024-07-01,
中区,14104,保育ルーム山下公園,1410052003084,-,-,-,-,-,-,0,2024-07-01,
中区,14104,あいりす　新山下保育室,1410052002946,2,2,2,-,-,-,6,2024-07-01,
中区,14104,ル・ボワ保育園,1410052004850,3,6,7,-,-,-,16,2024-07-01,
中区,14104,保育園ころころキッズガーデン,1410052004538,4,5,8,-,-,-,17,2024-07-01,
中区,14104,のぞみ山手駅前保育園,1410052005642,3,8,8,-,-,-,19,2024-07-01,
中区,14104,ほんもくはら保育園,1410052005089,2,8,9,-,-,-,19,2024-07-01,
中区,14104,アミー保育室　本牧原,1410052002805,-,-,4,-,-,-,4,2024-07-01,
中区,14104,シュハリィ本牧保育園,1410052004397,-,5,7,-,-,-,12,2024-07-01,
中区,14104,あいりす　本牧保育室,1410052002953,3,6,6,-,-,-,15,2024-07-01,
中区,14104,こもれび保育園根岸園,1410052006053,2,6,7,-,-,-,15,2024-07-01,
南区,14105,中村愛児園,1410051018059,3,7,17,19,26,24,96,2024-07-01,
南区,14105,みなみマーノ保育園,1410051016541,9,12,20,21,19,21,102,2024-07-01,
南区,14105,やすらぎ保育園,1410051013969,3,11,11,14,14,14,67,2024-07-01,
南区,14105,横浜市しろばら保育園,1410051018851,-,10,14,17,19,19,79,2024-07-01,
南区,14105,小学館アカデミーまいた保育園,1410051027795,3,9,10,11,9,9,51,2024-07-01,
南区,14105,小さな足あと保育園,1410051015162,6,14,14,15,14,14,77,2024-07-01,
南区,14105,蒔田ひまわり保育園,1410051023703,6,10,12,12,12,12,64,2024-07-01,
南区,14105,睦町保育園,1410051014785,10,12,15,17,18,17,89,2024-07-01,
南区,14105,アスク吉野町保育園,1410051016517,8,8,8,8,8,7,47,2024-07-01,
南区,14105,きらり保育園吉野町,1410051027092,2,8,8,8,8,7,41,2024-07-01,
南区,14105,京急キッズランド黄金町保育園,1410051014769,6,10,10,10,10,12,58,2024-07-01,
南区,14105,清水ヶ丘保育園,1410051026151,5,13,16,14,14,17,79,2024-07-01,
南区,14105,南愛児園,1410051014777,-,-,12,21,22,17,72,2024-07-01,
南区,14105,三春台保育園,1410051027472,-,12,13,17,15,18,75,2024-07-01,
南区,14105,めいとく保育園,1410051016582,3,9,9,10,9,8,48,2024-07-01,
南区,14105,横浜みなみ薫保育園,1410051014793,6,12,12,13,14,12,69,2024-07-01,
南区,14105,くらき永田保育園,1410051016525,14,16,16,18,18,18,100,2024-07-01,
南区,14105,たけのこ永田東保育園,1410051023588,4,6,8,15,16,16,65,2024-07-01,
南区,14105,横浜市永田保育園,1410051018877,-,11,16,17,20,19,83,2024-07-01,
南区,14105,六ツ川台保育園,1410051016558,1,8,9,11,9,11,49,2024-07-01,
南区,14105,六ツ川西保育園,1410051016566,9,14,15,20,20,17,95,2024-07-01,
南区,14105,六ツ川みどり保育園,1410051016574,11,18,19,20,20,20,108,2024-07-01,
南区,14105,よこはま風の遊育園,1410051013977,6,12,15,15,15,14,77,2024-07-01,
南区,14105,アイン弘明寺保育園,1410051019339,6,12,13,13,13,14,71,2024-07-01,
南区,14105,アスクいどがや保育園,1410051016509,6,16,18,19,17,17,93,2024-07-01,
南区,14105,京急キッズランド井土ケ谷駅保育園,1410051014751,7,10,10,11,11,11,60,2024-07-01,
南区,14105,ひびき井土ヶ谷保育園,1410051013951,6,12,15,15,16,15,79,2024-07-01,
南区,14105,プチ・ナーサリー弘明寺,1410051024701,6,12,12,14,15,12,71,2024-07-01,
南区,14105,ララランド井土ヶ谷,1410051025930,5,12,12,15,14,15,73,2024-07-01,
南区,14105,横浜市井土ケ谷保育園,1410051018885,9,19,23,23,25,25,124,2024-07-01,
南区,14105,大岡おひさま保育園,1410051014744,3,8,8,10,8,9,46,2024-07-01,
南区,14105,大岡はるかぜ保育園,1410051025310,7,14,15,20,20,20,96,2024-07-01,
南区,14105,上大岡ラビット保育園,1410051024669,6,7,7,9,9,8,46,2024-07-01,
南区,14105,キッズパートナー弘明寺,1410051024727,2,8,9,10,10,10,49,2024-07-01,
南区,14105,久良岐保育園,1410051016533,5,17,21,25,27,27,122,2024-07-01,
南区,14105,別所保育園,1410051019909,3,16,20,21,21,22,103,2024-07-01,
南区,14105,認定こども園山王台幼稚園,1410051020477,3,14,15,9,6,4,51,2024-07-01,
南区,14105,キューピールームＰ-ｋａｂｏｏ園,1410052005980,3,4,5,-,-,-,12,2024-07-01,
南区,14105,チームナーサリーＢｉｇＨｕｇ南太田,1410052004207,-,3,6,-,-,-,9,2024-07-01,
南区,14105,キッズパートナー井土ヶ谷,1410052004140,1,9,9,-,-,-,19,2024-07-01,
南区,14105,ばばほいくしつ黄金町,1410052005154,3,7,8,-,-,-,18,2024-07-01,
南区,14105,ぽかぽか保育園,1410052003258,3,4,5,-,-,-,12,2024-07-01,
南区,14105,木の花保育園,1410052004553,2,8,8,-,-,-,18,2024-07-01,
南区,14105,竹の子共同保育園,1410052004215,4,7,7,-,-,-,18,2024-07-01,
南区,14105,パナマリア保育園弘明寺園,1410052005576,3,8,9,-,-,-,20,2024-07-01,
南区,14105,つぼみの森保育室,1410052004504,-,1,0,-,-,-,1,2024-07-01,
南区,14105,もりた保育室,1410052005006,-,3,2,-,-,-,5,2024-07-01,
南区,14105,ペパンルーム,1410052005360,1,2,2,-,-,-,5,2024-07-01,
港南区,14111,赤い屋根保育園,1410051016608,12,18,20,24,24,24,122,2024-07-01,
港南区,14111,アスク上大岡保育園,1410051018596,6,8,10,11,11,11,57,2024-07-01,
港南区,14111,アスク港南中央保育園,1410051016616,12,19,19,20,19,18,107,2024-07-01,
港南区,14111,アスクさいど保育園,1410051014801,9,15,16,17,14,15,86,2024-07-01,
港南区,14111,育美保育園,1410051016624,8,16,14,15,13,15,81,2024-07-01,
港南区,14111,オハナ上永谷保育園,1410051013993,6,12,18,18,18,18,90,2024-07-01,
港南区,14111,風の丘・上大岡東保育園,1410051028157,3,9,11,20,20,21,84,2024-07-01,
港南区,14111,上大岡はるかぜ保育園,1410051014009,6,18,20,20,19,19,102,2024-07-01,
港南区,14111,上大岡ゆう保育園,1410051016632,18,24,24,24,24,24,138,2024-07-01,
港南区,14111,上永谷保育園,1410051016640,-,9,14,18,16,15,72,2024-07-01,
港南区,14111,上永谷西保育園,1410051025823,3,15,15,16,16,16,81,2024-07-01,
港南区,14111,キッズガーデン横浜最戸,1410051024354,6,8,10,12,12,12,60,2024-07-01,
港南区,14111,クオリスキッズ港南中央保育園,1410051019347,6,15,15,16,17,17,86,2024-07-01,
港南区,14111,グローバルキッズ上大岡園,1410051025567,3,12,12,14,13,14,68,2024-07-01,
港南区,14111,京急キッズランド上大岡保育園,1410051016657,8,10,10,11,10,9,58,2024-07-01,
港南区,14111,京急キッズランド上永谷保育園,1410051014819,7,10,10,10,10,11,58,2024-07-01,
港南区,14111,港南あひる保育園,1410051018604,3,9,9,9,10,10,50,2024-07-01,
港南区,14111,港南台つばさ保育園,1410051019354,-,12,12,12,12,12,60,2024-07-01,
港南区,14111,港南台保育園,1410051024503,12,20,22,24,24,24,126,2024-07-01,
港南区,14111,港南台保育センター,1410051027274,3,8,9,10,11,9,50,2024-07-01,
港南区,14111,港南つくしんぼ保育園,1410051018067,12,24,24,23,21,23,127,2024-07-01,
港南区,14111,港南はるかぜ保育園,1410051014017,12,20,23,23,23,23,124,2024-07-01,
港南区,14111,港南ひまわり保育園,1410051018075,7,12,12,12,11,12,66,2024-07-01,
港南区,14111,ＣＯＳＭＯＳ保育園,1410051016590,3,12,12,14,9,9,59,2024-07-01,
港南区,14111,サイド・サン保育園,1410051027951,-,10,11,13,3,6,43,2024-07-01,
港南区,14111,笹下保育園,1410051019552,6,12,18,18,22,21,97,2024-07-01,
港南区,14111,笹下南つくしんぼ保育園,1410051026318,3,14,16,18,20,18,89,2024-07-01,
港南区,14111,ＳＵＮはるかぜ保育園,1410051013985,3,8,10,12,13,13,59,2024-07-01,
港南区,14111,小学館アカデミーかみおおおか保育園,1410051027803,6,10,10,10,9,10,55,2024-07-01,
港南区,14111,小学館アカデミーかみながや保育園,1410051027811,4,7,10,10,10,10,51,2024-07-01,
港南区,14111,芹が谷ぴよっこ保育園,1410051014025,7,12,12,13,13,12,69,2024-07-01,
港南区,14111,太陽の子　港南台保育園,1410051019545,6,11,11,11,11,10,60,2024-07-01,
港南区,14111,チェリーガーデン保育園,1410051014827,8,14,18,20,20,20,100,2024-07-01,
港南区,14111,つくし保育園　上大岡,1410051019537,-,14,14,16,16,16,76,2024-07-01,
港南区,14111,つばさ保育園,1410051018083,15,15,17,18,19,19,103,2024-07-01,
港南区,14111,野庭保育園,1410051027480,3,7,13,14,12,15,64,2024-07-01,
港南区,14111,白峰保育園,1410051016673,9,12,15,18,18,17,89,2024-07-01,
港南区,14111,日野保育園,1410051014058,6,15,15,14,15,15,80,2024-07-01,
港南区,14111,丸山台保育園,1410051015378,11,15,18,20,19,20,103,2024-07-01,
港南区,14111,みなみひの保育園,1410051016665,9,16,15,18,18,18,94,2024-07-01,
港南区,14111,横浜市大久保保育園,1410051020089,4,15,18,19,21,21,98,2024-07-01,
港南区,14111,横浜市港南台第二保育園,1410051020105,7,14,15,20,20,16,92,2024-07-01,
港南区,14111,横浜市野庭第二保育園,1410051020063,9,18,21,24,23,28,123,2024-07-01,
港南区,14111,上大岡ラビット保育園ＴＷＩＮＳ,1410052003480,1,3,3,-,-,-,7,2024-07-01,
港南区,14111,キッズアミ,1410052005105,3,6,10,-,-,-,19,2024-07-01,
港南区,14111,クオリスキッズ上大岡西保育園,1410052004405,2,6,6,-,-,-,14,2024-07-01,
港南区,14111,港南台きらきら保育園,1410052005865,-,9,11,-,-,-,20,2024-07-01,
港南区,14111,スクルドエンジェル保育園上大岡園,1410052005857,-,4,9,-,-,-,13,2024-07-01,
港南区,14111,ちゅーりっぷキッズ,1410052003555,-,4,4,-,-,-,8,2024-07-01,
港南区,14111,ちゅーりっぷハウス,1410052003530,-,4,5,-,-,-,9,2024-07-01,
港南区,14111,ニコニコ保育園,1410052003282,4,6,7,-,-,-,17,2024-07-01,
港南区,14111,ぱぷりか保育園　上大岡,1410052005840,-,10,10,-,-,-,20,2024-07-01,
港南区,14111,保育室アーモ,1410052005220,4,7,7,-,-,-,18,2024-07-01,
港南区,14111,Ｐｏｃｏ　ａ　Ｐｏｃｏ保育園,1410052004678,1,8,7,-,-,-,16,2024-07-01,
港南区,14111,めぐみ保育園,1410052003035,-,11,11,-,-,-,22,2024-07-01,
港南区,14111,クオリスキッズ上大岡駅前保育園,1410051023646,6,12,14,-,-,-,32,2024-07-01,
港南区,14111,こどもっと保育園,1410051023612,4,13,14,-,-,-,31,2024-07-01,
港南区,14111,認定こども園関東学院のびのびのば園,1410051020535,-,16,16,17,10,13,72,2024-07-01,
港南区,14111,認定こども園ムロノキッズ　室の木幼稚園・プリスクール室の木,1410051020527,6,7,10,11,11,11,56,2024-07-01,
港南区,14111,認定こども園　森が丘幼稚園,1410051026847,-,7,7,8,8,6,36,2024-07-01,
港南区,14111,認定こども園　大谷幼稚園,1410051026276,-,-,-,3,3,3,9,2024-07-01,
港南区,14111,認定こども園　竹の子幼稚園,1410051022234,-,-,-,2,2,3,7,2024-07-01,
港南区,14111,認定こども園　野庭聖佳幼稚園,1410051023927,-,-,-,5,7,11,23,2024-07-01,
港南区,14111,認定こども園　日野幼稚園,1410051022283,-,-,-,0,1,2,3,2024-07-01,
保土ケ谷区,14106,あーす保育園保土ケ谷,1410051025948,-,10,9,12,12,10,53,2024-07-01,
保土ケ谷区,14106,霞台保育園（分園含む）,1410051019800,2,12,15,15,15,15,74,2024-07-01,
保土ケ谷区,14106,学校法人初音丘学園ＰＩＣＣＯＬＩＮＯ,1410051016780,7,16,19,-,-,-,42,2024-07-01,
保土ケ谷区,14106,昴保育園,1410051016715,12,22,22,22,24,20,122,2024-07-01,
保土ケ谷区,14106,ダイアナ保育園,1410051016731,2,18,15,18,17,12,82,2024-07-01,
保土ケ谷区,14106,ゆめの樹保育園ほどがや,1410051023620,7,11,12,9,8,12,59,2024-07-01,
保土ケ谷区,14106,横浜市岩井保育園,1410051018893,5,15,16,18,21,19,94,2024-07-01,
保土ケ谷区,14106,若葉保育園（分園含む）,1410051026086,3,12,13,11,12,13,64,2024-07-01,
保土ケ谷区,14106,岩間保育園,1410051014066,1,9,10,13,10,11,54,2024-07-01,
保土ケ谷区,14106,にじいろ保育園天王町,1410051025955,-,8,10,11,8,9,46,2024-07-01,
保土ケ谷区,14106,ベネッセ　保土ケ谷保育園,1410051023950,6,10,10,10,10,9,55,2024-07-01,
保土ケ谷区,14106,保土ケ谷保育園,1410051023885,8,21,23,24,23,21,120,2024-07-01,
保土ケ谷区,14106,横浜市神戸保育園,1410051020139,7,18,20,21,23,14,103,2024-07-01,
保土ケ谷区,14106,横浜市天王町保育園,1410051020154,4,11,15,19,19,17,85,2024-07-01,
保土ケ谷区,14106,ＧＥＮＫＩＤＳ星川保育園,1410051027423,6,10,10,10,9,10,55,2024-07-01,
保土ケ谷区,14106,合歓の木保育園,1410051014116,10,18,20,20,20,16,104,2024-07-01,
保土ケ谷区,14106,星川こども園,1410051024362,6,20,20,20,23,22,111,2024-07-01,
保土ケ谷区,14106,星川もえぎ保育園,1410051024206,4,8,8,10,10,10,50,2024-07-01,
保土ケ谷区,14106,星川ルーナ保育園,1410051016749,16,22,22,20,22,23,125,2024-07-01,
保土ケ谷区,14106,明神台保育園,1410051016756,12,24,25,23,25,19,128,2024-07-01,
保土ケ谷区,14106,りとる・ルーナ保育園,1410051019586,-,9,12,13,13,12,59,2024-07-01,
保土ケ谷区,14106,アスク和田町保育園,1410051018109,4,12,11,12,12,10,61,2024-07-01,
保土ケ谷区,14106,三丁目こども園,1410051025716,-,8,8,8,8,8,40,2024-07-01,
保土ケ谷区,14106,スターチャイルド≪和田町ナーサリー≫,1410051026672,6,8,10,12,12,12,60,2024-07-01,
保土ケ谷区,14106,にじいろ保育園和田町,1410051015394,3,5,5,5,6,5,29,2024-07-01,
保土ケ谷区,14106,ポポラー横浜和田町園,1410051025336,5,8,10,12,9,8,52,2024-07-01,
保土ケ谷区,14106,ラフ・クルー星川保育園,1410051016772,9,15,15,13,13,15,80,2024-07-01,
保土ケ谷区,14106,認定こども園和田愛児園,1410051027993,9,20,24,23,17,22,115,2024-07-01,
保土ケ谷区,14106,エルアンジュ保育園（分園含む）,1410051019560,9,12,15,13,12,13,74,2024-07-01,
保土ケ谷区,14106,にじいろ保育園上星川,1410051015386,6,8,9,10,10,9,52,2024-07-01,
保土ケ谷区,14106,向台保育園,1410051027761,-,12,13,8,14,13,60,2024-07-01,
保土ケ谷区,14106,梅の木保育園,1410051019594,8,10,10,10,9,9,56,2024-07-01,
保土ケ谷区,14106,えぶち保育園（分園含む）,1410051014082,7,11,11,11,9,10,59,2024-07-01,
保土ケ谷区,14106,えぶちにしや園（分園含む）,1410051014074,14,19,19,18,15,19,104,2024-07-01,
保土ケ谷区,14106,川島保育園,1410051025799,-,10,14,14,14,16,68,2024-07-01,
保土ケ谷区,14106,西谷保育園,1410051015402,12,20,28,35,35,37,167,2024-07-01,
保土ケ谷区,14106,西谷保育園分園　きらり保育園,1410051025302,6,8,9,-,-,-,23,2024-07-01,
保土ケ谷区,14106,アミー保育園　三ツ沢園,1410051018125,6,10,10,12,12,15,65,2024-07-01,
保土ケ谷区,14106,ひかりの風保育園,1410051019578,6,8,10,15,14,15,68,2024-07-01,
保土ケ谷区,14106,森のルーナ保育園,1410051016764,7,10,12,11,12,14,66,2024-07-01,
保土ケ谷区,14106,笹山保育園,1410051025237,6,12,18,16,17,18,87,2024-07-01,
保土ケ谷区,14106,千丸台保育園,1410051016723,9,15,17,20,20,21,102,2024-07-01,
保土ケ谷区,14106,桜ケ丘保育園,1410051015170,3,12,15,17,13,17,77,2024-07-01,
保土ケ谷区,14106,新桜ケ丘保育園,1410051014108,3,8,10,15,16,14,66,2024-07-01,
保土ケ谷区,14106,プチアンジュ保育園,1410051018117,5,16,17,15,16,16,85,2024-07-01,
保土ケ谷区,14106,認定こども園あかいとりこども園,1410051027894,6,18,20,20,16,20,100,2024-07-01,
保土ケ谷区,14106,境木保育園,1410051016699,5,12,14,15,15,15,76,2024-07-01,
保土ケ谷区,14106,認定こども園峯岡幼稚園,1410051021376,-,8,8,10,9,10,45,2024-07-01,
保土ケ谷区,14106,たしろ保育室,1410052003787,0,0,5,-,-,-,5,2024-07-01,
保土ケ谷区,14106,おおきくなぁ〜れ　プチベベ保育室,1410052005055,0,8,8,-,-,-,16,2024-07-01,
保土ケ谷区,14106,おれんじハウス星川保育園,1410052004165,3,6,5,-,-,-,14,2024-07-01,
保土ケ谷区,14106,天王町駅前もえぎ保育園,1410052004884,3,3,7,-,-,-,13,2024-07-01,
保土ケ谷区,14106,ばばほいくしつ星川,1410052004561,2,5,4,-,-,-,11,2024-07-01,
保土ケ谷区,14106,東戸塚もえぎ保育室,1410052003381,0,5,4,-,-,-,9,2024-07-01,
保土ケ谷区,14106,ベイキッズ　おりーぶ保育園,1410052004983,2,4,4,-,-,-,10,2024-07-01,
保土ケ谷区,14106,保育室ピア・ピア,1410052003290,0,4,4,-,-,-,8,2024-07-01,
保土ケ谷区,14106,キッズハーモニー・ほどがや,1410051027555,3,8,10,12,5,5,43,2024-07-01,
旭区,14112,横浜市左近山保育園,1410051018901,10,16,20,24,21,22,113,2024-07-01,
旭区,14112,マヤ保育園,1410051015436,6,18,20,22,19,22,107,2024-07-01,
旭区,14112,横浜市今宿保育園,1410051020170,-,13,14,15,15,17,74,2024-07-01,
旭区,14112,ちとせ保育園,1410051016848,9,31,31,35,33,35,174,2024-07-01,
旭区,14112,西川島保育園,1410051014173,8,16,20,18,18,20,100,2024-07-01,
旭区,14112,鶴ヶ峰保育園,1410051016855,6,13,13,12,12,12,68,2024-07-01,
旭区,14112,あっぷる保育園鶴ヶ峰,1410051016806,12,20,20,24,25,27,128,2024-07-01,
旭区,14112,上の原保育園,1410051016814,8,10,13,13,13,13,70,2024-07-01,
旭区,14112,ポプラ保育園,1410051015188,6,8,9,9,8,9,49,2024-07-01,
旭区,14112,ポプラ第二保育園,1410051020451,2,4,6,10,10,10,42,2024-07-01,
旭区,14112,オハナ鶴ヶ峰保育園,1410051016822,9,15,15,15,15,15,84,2024-07-01,
旭区,14112,あゆみ保育園,1410051018133,8,8,9,17,17,17,76,2024-07-01,
旭区,14112,あゆみキッズ保育園,1410051020402,4,8,8,-,-,-,20,2024-07-01,
旭区,14112,あゆみ保育園第二,1410051026292,9,17,17,17,16,17,93,2024-07-01,
旭区,14112,太陽の子　鶴ヶ峰保育園,1410051016871,6,10,11,11,11,11,60,2024-07-01,
旭区,14112,キッズガーデン横浜鶴ヶ峰,1410051024370,6,10,11,12,11,11,61,2024-07-01,
旭区,14112,スターチャイルド《鶴ヶ峰ナーサリー》,1410051027902,-,10,11,12,1,0,34,2024-07-01,
旭区,14112,横浜市ひかりが丘保育園,1410051018919,7,13,15,20,18,15,88,2024-07-01,
旭区,14112,土と愛　子供の家保育所,1410051014157,3,11,14,13,16,15,72,2024-07-01,
旭区,14112,土と愛　子供の家保育所第２,1410051014165,2,11,13,13,12,14,65,2024-07-01,
旭区,14112,星の子白根保育園,1410051027498,-,14,17,17,15,17,80,2024-07-01,
旭区,14112,太陽の子　白根保育園,1410051014140,6,11,12,12,11,12,64,2024-07-01,
旭区,14112,グローバルキッズ白根保育園,1410051015451,6,10,11,11,10,11,59,2024-07-01,
旭区,14112,まきが原愛児園,1410051015428,9,22,23,24,24,22,124,2024-07-01,
旭区,14112,中尾保育園,1410051019602,6,17,18,20,20,20,101,2024-07-01,
旭区,14112,横浜市柏保育園,1410051018927,9,13,20,21,22,25,110,2024-07-01,
旭区,14112,明徳二俣川保育園,1410051014181,8,12,15,18,17,18,88,2024-07-01,
旭区,14112,旭はるかぜ保育園,1410051014124,9,19,19,19,19,19,104,2024-07-01,
旭区,14112,横浜小谷かなりや保育園,1410051014835,6,8,10,13,13,12,62,2024-07-01,
旭区,14112,太陽の子　さちが丘保育園,1410051014132,9,12,12,13,14,14,74,2024-07-01,
旭区,14112,横濱あんじゅ保育園,1410051015444,6,15,15,23,22,23,104,2024-07-01,
旭区,14112,のぞみ保育園,1410051016889,2,12,12,-,-,-,26,2024-07-01,
旭区,14112,グローバルキッズ南万騎が原園,1410051023968,6,10,11,11,11,11,60,2024-07-01,
旭区,14112,太陽の子　二俣川駅保育園,1410051024800,6,12,12,15,15,15,75,2024-07-01,
旭区,14112,保育園夢未来二俣川園,1410051026094,4,8,12,12,11,12,59,2024-07-01,
旭区,14112,旭あじさい保育園,1410051026649,-,8,8,17,17,18,68,2024-07-01,
旭区,14112,ひまわり愛児園,1410051016863,8,18,20,20,18,21,105,2024-07-01,
旭区,14112,中希望が丘保育園,1410051018141,12,15,15,16,16,16,90,2024-07-01,
旭区,14112,キッズビレッジつくし保育園,1410051016830,10,12,12,13,12,11,70,2024-07-01,
旭区,14112,善部保育園,1410051019263,6,13,14,16,16,16,81,2024-07-01,
旭区,14112,横浜あさひ中央保育園,1410051025963,6,15,18,18,17,18,92,2024-07-01,
旭区,14112,夢のつぼみ保育園,1410051014199,8,9,10,11,12,10,60,2024-07-01,
旭区,14112,つぼみ保育園,1410051016897,8,11,13,13,15,12,72,2024-07-01,
旭区,14112,三ツ境たんぽぽ保育園,1410051024636,5,9,10,12,12,9,57,2024-07-01,
旭区,14112,コナミスポーツ保育園　希望が丘,1410051027613,2,9,9,5,8,0,33,2024-07-01,
旭区,14112,希望ヶ丘プラス保育園,1410051027621,-,12,12,12,12,6,54,2024-07-01,
旭区,14112,わかばの森保育園,1410051014215,-,8,8,6,7,8,37,2024-07-01,
旭区,14112,認定こども園二俣川幼稚園,1410051022473,4,8,10,12,12,13,59,2024-07-01,
旭区,14112,認定こども園　上の原幼稚園,1410051027639,-,9,12,12,2,5,40,2024-07-01,
旭区,14112,川井宿幼保連携型認定こども園,1410051027308,-,18,18,17,20,19,92,2024-07-01,
旭区,14112,認定こども園やつはしキッズ　八ッ橋幼稚園,1410051020543,6,12,15,15,13,14,75,2024-07-01,
旭区,14112,認定こども園　希望ヶ丘幼稚園・希望ヶ丘保育園,1410051025070,3,6,6,7,4,7,33,2024-07-01,
旭区,14112,認定こども園　オーセルわかば幼稚園,1410051025211,-,4,4,7,4,4,23,2024-07-01,
旭区,14112,認定こども園　若葉台こども園,1410051027290,9,16,18,13,16,16,88,2024-07-01,
旭区,14112,保育室　ひかり,1410052003340,1,6,7,-,-,-,14,2024-07-01,
旭区,14112,あさひすまいる保育園,1410052004793,3,3,4,-,-,-,10,2024-07-01,
旭区,14112,ＳＡＦＡＲＩ　ＫＩＤ保育園,1410052004777,4,10,8,-,-,-,22,2024-07-01,
旭区,14112,ぱぷりか保育園　鶴ヶ峰,1410052005709,-,9,11,-,-,-,20,2024-07-01,
旭区,14112,ＳＥＡＳＯＮ　ＫＩＤ保育園,1410052005907,3,10,8,-,-,-,21,2024-07-01,
旭区,14112,ちゃいれっく　上白根保育室,1410052003308,2,6,6,-,-,-,14,2024-07-01,
旭区,14112,おれんじハウス二俣川保育園,1410052002888,2,5,5,-,-,-,12,2024-07-01,
旭区,14112,旭ローズ保育園,1410052003209,3,6,10,-,-,-,19,2024-07-01,
旭区,14112,すずらん二俣川保育園,1410052004579,-,9,10,-,-,-,19,2024-07-01,
旭区,14112,マミー保育園二俣川,1410052004710,5,7,7,-,-,-,19,2024-07-01,
旭区,14112,保育園スマイルキッズ二俣川駅前,1410052005238,1,7,6,-,-,-,14,2024-07-01,
旭区,14112,横濱あんじゅ小規模保育園,1410052005527,3,8,7,-,-,-,18,2024-07-01,
旭区,14112,サクラフェリーチェ保育園　二俣川,1410052005873,-,10,9,-,-,-,19,2024-07-01,
旭区,14112,とこちゃん☆みっつ保育園,1410052004728,3,8,8,-,-,-,19,2024-07-01,
旭区,14112,ハニービー保育園,1410052004801,3,8,8,-,-,-,19,2024-07-01,
旭区,14112,スマイルビー保育園,1410052005717,-,8,8,-,-,-,16,2024-07-01,
旭区,14112,前島保育園,1410052005972,-,3,5,-,-,-,8,2024-07-01,
旭区,14112,サフォークキッズランド横浜園,1410052006012,-,10,6,-,-,-,16,2024-07-01,
旭区,14112,ひより保育室,1410052005378,0,2,3,-,-,-,5,2024-07-01,
旭区,14112,タドラーキッズ,1410052004066,0,7,4,-,-,-,11,2024-07-01,
磯子区,14107,あっぷる滝頭保育園,1410051026987,6,7,7,10,15,15,60,2024-07-01,
磯子区,14107,横浜市東滝頭保育園,1410051018968,9,12,14,24,28,28,115,2024-07-01,
磯子区,14107,東滝頭保育園　分園,1410051020196,-,8,12,-,-,-,20,2024-07-01,
磯子区,14107,横浜ナーサリー,1410051015501,15,25,25,24,25,25,139,2024-07-01,
磯子区,14107,岡村幼児園,1410051023893,-,15,20,20,20,20,95,2024-07-01,
磯子区,14107,金剛保育園,1410051016913,3,18,20,24,24,23,112,2024-07-01,
磯子区,14107,根岸星の子保育園,1410051015493,3,15,15,16,17,13,79,2024-07-01,
磯子区,14107,原町星の子保育園,1410051018158,-,-,-,7,8,9,24,2024-07-01,
磯子区,14107,西町星の子保育園,1410051024560,6,8,9,12,11,11,57,2024-07-01,
磯子区,14107,太陽の子　磯子保育園,1410051016947,6,14,15,15,14,12,76,2024-07-01,
磯子区,14107,ヨコハマみらい保育園,1410051023547,5,15,15,14,15,15,79,2024-07-01,
磯子区,14107,磯子おひさま保育園,1410051016988,3,16,15,18,16,18,86,2024-07-01,
磯子区,14107,横浜おひさま保育園,1410051024826,6,12,13,13,13,12,69,2024-07-01,
磯子区,14107,にじいろ保育園　磯子,1410051015519,9,12,12,11,12,13,69,2024-07-01,
磯子区,14107,キッズガーデン横浜磯子,1410051024818,3,12,11,11,13,14,64,2024-07-01,
磯子区,14107,日枝幼児園,1410051014223,-,8,10,15,11,13,57,2024-07-01,
磯子区,14107,グローバルキッズ磯子保育園,1410051025575,3,12,14,14,12,14,69,2024-07-01,
磯子区,14107,太陽の子　磯子第二保育園,1410051024073,5,8,9,8,9,9,48,2024-07-01,
磯子区,14107,汐見台愛育園,1410051015469,1,11,15,15,13,11,66,2024-07-01,
磯子区,14107,ペガサスわくわくランド,1410051015204,0,10,9,9,7,9,44,2024-07-01,
磯子区,14107,森幼児園,1410051028173,1,13,15,14,10,13,66,2024-07-01,
磯子区,14107,屏風ヶ浦はるかぜ保育園,1410051014843,4,10,14,14,14,14,70,2024-07-01,
磯子区,14107,屏風ゆめの森保育園,1410051023596,4,12,12,14,14,13,69,2024-07-01,
磯子区,14107,屏風ヶ浦保育園,1410051016962,9,15,20,20,20,20,104,2024-07-01,
磯子区,14107,新杉田のびのび保育園,1410051016921,18,20,20,20,22,23,123,2024-07-01,
磯子区,14107,にじいろ保育園　新杉田,1410051015477,9,13,15,18,18,17,90,2024-07-01,
磯子区,14107,杉田幼児園,1410051028199,-,16,20,30,29,30,125,2024-07-01,
磯子区,14107,杉田保育園,1410051025815,-,9,13,14,13,16,65,2024-07-01,
磯子区,14107,つくしんぼ保育園,1410051016954,3,9,9,9,9,9,48,2024-07-01,
磯子区,14107,アスク新杉田保育園,1410051015196,5,6,7,7,7,7,39,2024-07-01,
磯子区,14107,アスク新杉田駅前保育園,1410051019610,6,12,13,14,14,14,73,2024-07-01,
磯子区,14107,キッズパートナー磯子中原,1410051025625,3,8,10,10,13,13,57,2024-07-01,
磯子区,14107,洋光台保育園,1410051014231,-,8,10,18,18,18,72,2024-07-01,
磯子区,14107,にじいろ保育園　洋光台,1410051015485,9,12,15,15,15,15,81,2024-07-01,
磯子区,14107,やべのファミリールーム,1410051023463,5,10,11,11,10,10,57,2024-07-01,
磯子区,14107,横浜市洋光台第二保育園,1410051018976,9,13,20,24,24,25,115,2024-07-01,
磯子区,14107,スターチャイルド≪洋光台ナーサリー≫,1410051025609,6,12,12,14,13,14,71,2024-07-01,
磯子区,14107,洋光台中央福澤保育センター,1410051016970,9,15,20,21,21,21,107,2024-07-01,
磯子区,14107,根岸すみれ保育園,1410052005097,0,11,9,-,-,-,20,2024-07-01,
磯子区,14107,根岸サンフラワー保育園,1410052005543,2,5,4,-,-,-,11,2024-07-01,
磯子区,14107,ベイキッズなのはな保育園,1410052004843,2,8,8,-,-,-,18,2024-07-01,
磯子区,14107,森おひさま保育園,1410052002854,0,4,4,-,-,-,8,2024-07-01,
磯子区,14107,汐見台第二愛育園,1410052003076,3,8,8,-,-,-,19,2024-07-01,
磯子区,14107,岩原保育室,1410052004827,-,4,4,-,-,-,8,2024-07-01,
磯子区,14107,ピノキオ幼児舎 新杉田園,1410052005246,5,9,8,-,-,-,22,2024-07-01,
磯子区,14107,みらいつばさ新杉田保育園,1410052005535,3,4,4,-,-,-,11,2024-07-01,
磯子区,14107,チームナーサリーＢｉｇ Ｈｕｇ洋光台,1410052002896,-,4,5,-,-,-,9,2024-07-01,
磯子区,14107,チームナーサリーＢｉｇ Ｈｕｇ洋光台２,1410052002904,-,4,5,-,-,-,9,2024-07-01,
磯子区,14107,くろかわ保育室,1410052003654,0,0,3,-,-,-,3,2024-07-01,
金沢区,14108,とみおかスマイル保育園,1410051017069,8,10,11,11,11,11,62,2024-07-01,
金沢区,14108,アイグラン保育園富岡東,1410051017010,5,12,12,12,12,12,65,2024-07-01,
金沢区,14108,金沢ふたば保育園,1410051015527,6,19,19,18,19,19,100,2024-07-01,
金沢区,14108,横浜市並木保育園,1410051018984,10,17,22,21,22,26,118,2024-07-01,
金沢区,14108,かぜのね保育園,1410051025252,3,16,18,19,15,18,89,2024-07-01,
金沢区,14108,わらべシーサイド保育園,1410051017085,3,7,8,16,16,12,62,2024-07-01,
金沢区,14108,ちゃいれっく　並木二丁目保育室,1410052003316,-,5,5,-,-,-,10,2024-07-01,
金沢区,14108,ビアレ横浜スマイル保育園,1410051014868,6,8,8,8,8,8,46,2024-07-01,
金沢区,14108,しののめ並木保育園,1410051015535,6,15,19,16,23,22,101,2024-07-01,
金沢区,14108,アイン能見台駅前保育園,1410051018174,5,11,12,12,12,12,64,2024-07-01,
金沢区,14108,マミングステーション,1410052005048,1,9,9,-,-,-,19,2024-07-01,
金沢区,14108,きらら保育園,1410051018190,9,15,20,20,20,20,104,2024-07-01,
金沢区,14108,ＹＭＣＡマナ保育園,1410051017002,6,12,13,13,13,13,70,2024-07-01,
金沢区,14108,きらら子どもの家,1410051017044,6,8,10,14,14,14,66,2024-07-01,
金沢区,14108,金沢ぴよっこ保育園,1410051014850,8,12,13,12,13,13,71,2024-07-01,
金沢区,14108,西柴保育園,1410051014249,4,13,13,13,13,14,70,2024-07-01,
金沢区,14108,あおぞら谷津保育園,1410051018182,11,13,18,18,17,17,94,2024-07-01,
金沢区,14108,スターチャイルド≪金沢文庫ナーサリー≫,1410051018620,5,12,12,12,10,10,61,2024-07-01,
金沢区,14108,京急キッズランド金沢文庫保育園,1410051017051,3,10,11,10,10,6,50,2024-07-01,
金沢区,14108,＋Ｕすくすくキッズ園,1410052003134,1,6,7,-,-,-,14,2024-07-01,
金沢区,14108,横浜市金沢さくら保育園,1410051020204,9,15,18,20,24,24,110,2024-07-01,
金沢区,14108,アイン金沢文庫保育園,1410051018166,6,12,13,15,15,13,74,2024-07-01,
金沢区,14108,にじいろ保育園金沢文庫,1410051015550,9,10,10,11,11,11,62,2024-07-01,
金沢区,14108,フレンド金沢文庫保育園,1410051015584,6,14,14,-,-,-,34,2024-07-01,
金沢区,14108,にじいろ保育園釜利谷,1410051015543,6,14,15,15,14,13,77,2024-07-01,
金沢区,14108,明日葉保育園金沢文庫園,1410051026474,6,11,11,13,11,11,63,2024-07-01,
金沢区,14108,マミーズエンジェル金沢文庫駅前保育園,1410051019826,6,9,10,11,15,14,65,2024-07-01,
金沢区,14108,かまりや保育園,1410051028165,-,5,14,17,19,10,65,2024-07-01,
金沢区,14108,おひさま保育室,1410052004041,1,2,2,-,-,-,5,2024-07-01,
金沢区,14108,しののめ保育園,1410051018208,10,18,17,20,16,17,98,2024-07-01,
金沢区,14108,金沢愛児園,1410051019362,7,16,24,22,23,22,114,2024-07-01,
金沢区,14108,聖星保育園,1410051017077,12,28,31,27,33,33,164,2024-07-01,
金沢区,14108,わかくさ保育園,1410051015576,5,8,11,11,11,11,57,2024-07-01,
金沢区,14108,明徳釜利谷保育園,1410051015568,6,18,20,21,21,20,106,2024-07-01,
金沢区,14108,金沢白百合幼稚園,1410051025732,-,12,12,12,11,11,58,2024-07-01,
金沢区,14108,かのん保育園,1410051018612,9,14,18,19,21,20,101,2024-07-01,
金沢区,14108,北六浦いちい保育園,1410051017036,-,9,13,15,14,17,68,2024-07-01,
金沢区,14108,コンビプラザレイディアント保育園,1410051023653,5,8,9,8,8,8,46,2024-07-01,
金沢区,14108,金沢八景ＹＭＣＡ保育園,1410051016996,6,12,12,14,14,14,72,2024-07-01,
金沢区,14108,ひかりとたねの保育園,1410051027027,4,12,13,14,14,11,68,2024-07-01,
金沢区,14108,ゆめ和柳町ほいくえん,1410051014876,6,10,11,12,13,13,65,2024-07-01,
金沢区,14108,関東学院六浦こども園,1410051020485,6,16,17,17,16,15,87,2024-07-01,
金沢区,14108,横浜市南六浦保育園,1410051020220,12,18,21,25,29,32,137,2024-07-01,
金沢区,14108,ゆめ和ほいくえん,1410051014256,6,10,12,13,13,12,66,2024-07-01,
金沢区,14108,家庭的保育室　マリン,1410052002821,-,5,5,-,-,-,10,2024-07-01,
港北区,14109,下田みんなの保育園,1410051024248,-,5,7,10,10,10,42,2024-07-01,
港北区,14109,グローバルキッズ下田町園,1410051015659,-,6,7,10,9,10,42,2024-07-01,
港北区,14109,グローバルキッズ日吉園,1410051015675,9,12,12,11,12,11,67,2024-07-01,
港北区,14109,太陽の子　日吉保育園,1410051014280,6,9,9,10,10,10,54,2024-07-01,
港北区,14109,日吉みんなの保育園,1410051017184,4,6,8,10,10,10,48,2024-07-01,
港北区,14109,日吉ちとせ保育園,1410051027126,-,14,14,14,14,14,70,2024-07-01,
港北区,14109,ベネッセ　日吉保育園,1410051014918,9,14,14,15,15,15,82,2024-07-01,
港北区,14109,日吉こども園,1410051018638,6,12,12,14,14,13,71,2024-07-01,
港北区,14109,みらいく矢上園,1410051025989,6,8,10,8,10,7,49,2024-07-01,
港北区,14109,ブライト保育園横浜日吉,1410051024024,6,10,10,12,11,12,61,2024-07-01,
港北区,14109,グローバルキッズ日吉五丁目園,1410051027043,6,11,11,14,14,10,66,2024-07-01,
港北区,14109,くっくおさんぽ保育園,1410051015634,0,9,12,9,10,11,51,2024-07-01,
港北区,14109,アスク日吉東保育園,1410051017101,7,12,13,16,15,16,79,2024-07-01,
港北区,14109,さくらんぼ保育園,1410051027977,2,10,12,12,0,0,36,2024-07-01,
港北区,14109,アスク日吉本町開善保育園,1410051018216,12,19,21,25,28,25,130,2024-07-01,
港北区,14109,アスク日吉本町第二保育園,1410051014884,5,10,10,10,12,9,56,2024-07-01,
港北区,14109,Gakkenほいくえん日吉本町,1410051018232,9,12,15,18,17,17,88,2024-07-01,
港北区,14109,横浜市南日吉保育園,1410051019024,5,12,16,19,18,19,89,2024-07-01,
港北区,14109,みらいく日吉本町園,1410051024487,2,14,12,-,-,-,28,2024-07-01,
港北区,14109,スターチャイルド《日吉本町ナーサリー》,1410051027944,-,8,9,9,0,0,26,2024-07-01,
港北区,14109,日吉夢保育園,1410051018240,12,24,24,24,24,24,132,2024-07-01,
港北区,14109,ヴィラ日吉こども園,1410051027134,3,12,12,14,14,13,68,2024-07-01,
港北区,14109,小学館アカデミーひよし保育園,1410051027829,6,10,10,12,9,11,58,2024-07-01,
港北区,14109,アスクみのわ保育園,1410051024974,6,12,12,15,14,14,73,2024-07-01,
港北区,14109,にじいろ保育園箕輪町,1410051027928,-,11,14,12,3,1,41,2024-07-01,
港北区,14109,にじいろ保育園日吉,1410051026003,6,12,15,16,18,18,85,2024-07-01,
港北区,14109,みのわのぞみ保育園,1410051023877,-,11,15,16,19,20,81,2024-07-01,
港北区,14109,木下の保育園日吉,1410051026730,6,8,10,12,12,12,60,2024-07-01,
港北区,14109,日吉箕輪えほんの森保育園,1410051027589,-,16,17,16,16,4,69,2024-07-01,
港北区,14109,みらいく高田園,1410051024578,2,8,9,12,11,8,50,2024-07-01,
港北区,14109,たかた保育園,1410051014959,4,13,13,14,16,16,76,2024-07-01,
港北区,14109,トゥインクルキッズ高田保育園,1410051027159,-,9,9,12,10,10,50,2024-07-01,
港北区,14109,ケンパ高田,1410051014900,6,10,11,11,10,11,59,2024-07-01,
港北区,14109,パレット保育園・高田,1410051015758,6,12,12,14,12,13,69,2024-07-01,
港北区,14109,アイグラン保育園高田東,1410051017242,9,11,15,19,19,17,90,2024-07-01,
港北区,14109,ブライト保育園横浜綱島,1410051023976,5,10,10,8,8,12,53,2024-07-01,
港北区,14109,森のエルマー保育園,1410051017218,5,11,9,8,7,7,47,2024-07-01,
港北区,14109,めぐみ保育園,1410051014942,6,15,15,17,17,11,81,2024-07-01,
港北区,14109,港北コスモス保育園,1410051025807,4,10,10,11,13,13,61,2024-07-01,
港北区,14109,スターチャイルド≪新吉田ナーサリー≫,1410051023984,6,8,10,11,11,12,58,2024-07-01,
港北区,14109,コビープリスクールつなしま,1410051024016,8,11,13,16,16,16,80,2024-07-01,
港北区,14109,ベネッセ　綱島台保育園,1410051023992,6,11,11,12,10,12,62,2024-07-01,
港北区,14109,パレット保育園・綱島,1410051015691,3,15,15,15,14,15,77,2024-07-01,
港北区,14109,第二尚花愛児園,1410051019644,9,17,19,20,21,23,109,2024-07-01,
港北区,14109,ウッズ保育園,1410051025427,3,8,10,13,12,11,57,2024-07-01,
港北区,14109,尚花愛児園,1410051015220,14,24,25,30,31,31,155,2024-07-01,
港北区,14109,にじいろ保育園綱島,1410051015683,8,8,10,10,8,12,56,2024-07-01,
港北区,14109,保育室プリンプリンROOM,1410051027233,-,12,12,17,16,12,69,2024-07-01,
港北区,14109,スターチャイルド≪綱島ナーサリー≫,1410051027142,3,8,10,13,13,12,59,2024-07-01,
港北区,14109,わかさと保育園,1410051023786,6,8,9,12,11,11,57,2024-07-01,
港北区,14109,綱島こども園,1410051024842,6,13,12,11,10,14,66,2024-07-01,
港北区,14109,キッズフォレ綱島,1410051027530,-,9,9,8,8,0,34,2024-07-01,
港北区,14109,こどものまち綱島西保育園,1410051027548,-,8,10,10,7,0,35,2024-07-01,
港北区,14109,はなまる保育園,1410051024602,9,17,20,-,-,-,46,2024-07-01,
港北区,14109,明日葉保育園綱島園,1410051026516,6,8,10,12,11,12,59,2024-07-01,
港北区,14109,ポピンズナーサリースクール綱島,1410051024255,6,8,9,8,9,9,49,2024-07-01,
港北区,14109,マイ・ハート綱島東保育園,1410051014298,6,10,11,11,11,11,60,2024-07-01,
港北区,14109,Gakkenほいくえん綱島,1410051026623,5,8,10,10,11,12,56,2024-07-01,
港北区,14109,アスクゆめみらい保育園,1410051017119,9,15,15,17,19,18,93,2024-07-01,
港北区,14109,木下の保育園　綱島東,1410051024008,3,8,10,14,15,15,65,2024-07-01,
港北区,14109,キッズパートナー綱島東,1410051025500,3,9,9,11,12,13,57,2024-07-01,
港北区,14109,テンダーラビング保育園綱島東,1410051023760,6,10,11,11,11,11,60,2024-07-01,
港北区,14109,グローバルキッズ綱島園,1410051015667,9,18,17,22,24,25,115,2024-07-01,
港北区,14109,にじいろ保育園綱島東,1410051027910,-,8,10,13,4,0,35,2024-07-01,
港北区,14109,大倉山保育園,1410051015212,5,17,19,21,20,21,103,2024-07-01,
港北区,14109,横浜市大曽根保育園,1410051019016,-,10,12,15,11,16,64,2024-07-01,
港北区,14109,大曽根コスモス保育園,1410051025856,4,10,11,13,10,10,58,2024-07-01,
港北区,14109,おおつな保育園,1410051015618,14,35,36,36,33,35,189,2024-07-01,
港北区,14109,パレット保育園・大倉山,1410051024859,6,15,15,15,15,15,81,2024-07-01,
港北区,14109,大倉山元気の泉保育園,1410051015592,6,15,15,15,15,15,81,2024-07-01,
港北区,14109,ぶれすと綱島ほいくえん,1410051025971,3,12,13,15,13,15,71,2024-07-01,
港北区,14109,ぶれすと綱島二階ほいくえん,1410051026680,3,8,10,11,13,13,58,2024-07-01,
港北区,14109,小学館アカデミーつなしま保育園,1410051027845,6,8,10,10,12,12,58,2024-07-01,
港北区,14109,なあな保育園,1410051017176,6,12,12,11,10,11,62,2024-07-01,
港北区,14109,ヒューマンアカデミー大倉山保育園,1410051027878,6,15,15,17,15,18,86,2024-07-01,
港北区,14109,ちいさなたね保育園,1410051025997,3,11,11,11,11,12,59,2024-07-01,
港北区,14109,スターチャイルド≪大倉山ナーサリー≫,1410051025591,4,8,10,9,8,11,50,2024-07-01,
港北区,14109,特定非営利活動法人つばき駅前保育園,1410051027225,-,5,14,11,13,9,52,2024-07-01,
港北区,14109,ララランド大倉山,1410051026029,3,11,11,12,8,7,52,2024-07-01,
港北区,14109,聖保育園第二,1410051024388,6,8,8,6,7,8,43,2024-07-01,
港北区,14109,明日葉保育園大倉山園,1410051026466,6,10,11,10,11,10,58,2024-07-01,
港北区,14109,森の樹保育園,1410051015741,6,16,20,18,21,20,101,2024-07-01,
港北区,14109,おおくらやまえきまえのぞみ保育園,1410051015600,6,11,11,15,10,14,67,2024-07-01,
港北区,14109,聖保育園,1410051015725,5,16,20,21,17,22,101,2024-07-01,
港北区,14109,天才キッズクラブ楽学館大倉山園,1410051025468,6,10,10,12,12,10,60,2024-07-01,
港北区,14109,グローバルキッズ大倉山園,1410051026037,2,12,12,14,7,10,57,2024-07-01,
港北区,14109,アスク大倉山保育園,1410051017093,5,15,16,14,16,16,82,2024-07-01,
港北区,14109,横浜市太尾保育園,1410051019040,8,22,22,24,26,26,128,2024-07-01,
港北区,14109,わおわお大倉山保育園,1410051017226,3,12,13,10,13,14,65,2024-07-01,
港北区,14109,くっくおさんぽ保育園大倉山,1410051015642,0,3,8,8,10,10,39,2024-07-01,
港北区,14109,たんぽぽ保育園,1410051017275,6,12,12,13,13,13,69,2024-07-01,
港北区,14109,くっくおさんぽ保育園ふとお,1410051019628,-,-,-,8,8,11,27,2024-07-01,
港北区,14109,大倉山きずな保育園,1410051027605,-,9,11,11,5,0,36,2024-07-01,
港北区,14109,おおつな森の保育園,1410051015626,-,-,6,5,6,4,21,2024-07-01,
港北区,14109,オハナ新羽保育園,1410051014892,12,20,20,20,20,18,110,2024-07-01,
港北区,14109,新羽どろんこ保育園,1410051017259,6,14,16,18,18,18,90,2024-07-01,
港北区,14109,キディ大倉山・横浜,1410051025641,3,8,10,10,7,12,50,2024-07-01,
港北区,14109,まめどくれっしゅ,1410051017200,3,8,10,10,11,9,51,2024-07-01,
港北区,14109,パレット保育園・大豆戸,1410051019669,6,11,12,14,12,14,69,2024-07-01,
港北区,14109,キッズラディ,1410051026789,3,11,11,12,10,9,56,2024-07-01,
港北区,14109,大豆戸どろんこ保育園,1410051019651,6,14,16,16,18,18,88,2024-07-01,
港北区,14109,ペガサスベビー保育園,1410051018265,4,10,-,-,-,-,14,2024-07-01,
港北区,14109,岩崎学園新横浜保育園,1410051017135,18,20,25,24,24,26,137,2024-07-01,
港北区,14109,ベネッセ　新横浜保育園,1410051024594,6,10,11,11,11,12,61,2024-07-01,
港北区,14109,クレシュ新横浜,1410051024693,8,14,14,14,10,12,72,2024-07-01,
港北区,14109,岩崎学園新横浜第二保育園,1410051017127,18,20,25,26,25,26,140,2024-07-01,
港北区,14109,ペガサス新横浜保育園,1410051018257,6,9,12,11,15,13,66,2024-07-01,
港北区,14109,ペガサス夜間保育園,1410051018273,0,3,5,3,2,2,15,2024-07-01,
港北区,14109,キッズパートナー小机,1410051024586,3,9,10,11,11,11,55,2024-07-01,
港北区,14109,ポピンズナーサリースクール小机,1410051019289,7,8,8,6,8,6,43,2024-07-01,
港北区,14109,光の園アンティー保育園,1410051024230,6,13,12,14,12,13,70,2024-07-01,
港北区,14109,リトルスカラー妙蓮寺保育園,1410051018281,4,7,10,11,10,11,53,2024-07-01,
港北区,14109,横浜市菊名保育園,1410051019032,-,11,18,16,19,19,83,2024-07-01,
港北区,14109,菊名愛児園,1410051014264,3,8,12,13,10,13,59,2024-07-01,
港北区,14109,グローバルキッズ菊名園,1410051024198,9,15,15,13,16,14,82,2024-07-01,
港北区,14109,光の園第二保育園,1410051025476,6,15,15,18,18,18,90,2024-07-01,
港北区,14109,うみのくに保育園きくな,1410051019636,6,12,12,12,12,10,64,2024-07-01,
港北区,14109,菊名こども園,1410051026011,3,12,12,14,12,11,64,2024-07-01,
港北区,14109,光の園保育園,1410051015709,6,7,9,9,9,9,49,2024-07-01,
港北区,14109,マーマしのはら保育園,1410051014934,12,28,30,29,30,30,159,2024-07-01,
港北区,14109,第二福澤保育センター,1410051017168,8,21,26,29,28,28,140,2024-07-01,
港北区,14109,ぶれすと新横浜ほいくえん,1410051026631,5,12,12,14,14,14,71,2024-07-01,
港北区,14109,パレット保育園・妙蓮寺,1410051025633,4,9,12,13,11,10,59,2024-07-01,
港北区,14109,横浜市港北保育園,1410051019008,8,19,19,19,21,23,109,2024-07-01,
港北区,14109,ベイキッズ星の森保育園,1410052004355,2,4,3,-,-,-,9,2024-07-01,
港北区,14109,くじら保育園,1410052004371,4,5,6,-,-,-,15,2024-07-01,
港北区,14109,もしもしのほし日吉保育園,1410052005733,3,7,7,-,-,-,17,2024-07-01,
港北区,14109,イルカ保育園,1410052005931,2,8,5,-,-,-,15,2024-07-01,
港北区,14109,スターチス日吉保育園,1410052002771,3,8,4,-,-,-,15,2024-07-01,
港北区,14109,ジャンプ保育園,1410052004470,-,8,9,-,-,-,17,2024-07-01,
港北区,14109,みらいこうほく保育園,1410052005691,2,8,7,-,-,-,17,2024-07-01,
港北区,14109,キッズパートナー日吉,1410052003233,3,8,8,-,-,-,19,2024-07-01,
港北区,14109,日吉チューリップルーム,1410052004074,3,3,3,-,-,-,9,2024-07-01,
港北区,14109,ルリ保育園日吉,1410052005261,3,8,7,-,-,-,18,2024-07-01,
港北区,14109,保育室テックテックROOM,1410052005725,-,9,10,-,-,-,19,2024-07-01,
港北区,14109,尚花ぞうさん保育室,1410052004264,5,7,7,-,-,-,19,2024-07-01,
港北区,14109,ばばほいくしつ綱島,1410052005683,2,9,9,-,-,-,20,2024-07-01,
港北区,14109,キッズパートナー綱島,1410052004686,2,9,9,-,-,-,20,2024-07-01,
港北区,14109,リトルスカラー綱島保育園,1410052006038,0,8,7,-,-,-,15,2024-07-01,
港北区,14109,天才キッズクラブ楽遊館綱島園,1410052004389,-,8,8,-,-,-,16,2024-07-01,
港北区,14109,preschool ALICE Clover,1410052005824,3,8,8,-,-,-,19,2024-07-01,
港北区,14109,グローバルキッズ綱島ＳＳＴ保育園,1410052004868,2,6,5,-,-,-,13,2024-07-01,
港北区,14109,Ｌｕｃｅ陽だまりの家保育園綱島,1410052003423,2,7,8,-,-,-,17,2024-07-01,
港北区,14109,きゅーぴーるーむ大倉山園,1410052005253,3,8,9,-,-,-,20,2024-07-01,
港北区,14109,キッズパートナー大倉山,1410052002714,0,2,5,-,-,-,7,2024-07-01,
港北区,14109,ほわいと保育園　きくな,1410052005030,3,8,11,-,-,-,22,2024-07-01,
港北区,14109,港北こども園,1410052002912,1,8,8,-,-,-,17,2024-07-01,
港北区,14109,ピッコロ・グランデ新横浜,1410052003043,0,5,10,-,-,-,15,2024-07-01,
港北区,14109,小規模保育事業ＭＩＲＡｉｏ新横浜,1410052003431,0,9,11,-,-,-,20,2024-07-01,
港北区,14109,フェアリーテイルそら,1410052005188,0,8,7,-,-,-,15,2024-07-01,
港北区,14109,キッズラボ菊名園,1410052005469,1,5,8,-,-,-,14,2024-07-01,
港北区,14109,Ｌｕｃｅ陽だまりの家保育園,1410052003514,2,4,4,-,-,-,10,2024-07-01,
港北区,14109,佐藤保育室,1410052004025,1,2,2,-,-,-,5,2024-07-01,
港北区,14109,ローズ保育園,1410052004058,-,6,4,-,-,-,10,2024-07-01,
港北区,14109,横浜りとるぱんぷきんず(保育所部分),1410051027886,8,16,20,19,20,19,102,2024-07-01,
港北区,14109,しんよしだこども園（保育所部分）,1410051026581,9,24,25,31,34,34,157,2024-07-01,
港北区,14109,認定こども園高木学園附属幼稚園（保育所部分）,1410051021780,-,-,-,0,2,0,2,2024-07-01,
港北区,14109,認定こども園新羽幼稚園（保育所部分）,1410051026854,-,-,-,3,3,4,10,2024-07-01,
港北区,14109,認定こども園しのはら幼稚園（保育所部分）,1410051027316,-,-,-,3,3,3,9,2024-07-01,
港北区,14109,認定こども園岸根こども園（保育所部分）,1410051026243,4,12,20,19,16,20,91,2024-07-01,
緑区,14113,福澤保育センター,1410051019925,-,-,21,21,22,23,87,2024-07-01,
緑区,14113,そよかぜ保育園,1410051017317,10,15,15,17,17,17,91,2024-07-01,
緑区,14113,さくらの郷みらい保育園,1410051014967,15,18,18,24,24,23,122,2024-07-01,
緑区,14113,鴨居こども園,1410051018653,6,19,19,20,20,19,103,2024-07-01,
緑区,14113,太陽の子　鴨居駅前保育園,1410051017325,9,12,12,12,12,12,69,2024-07-01,
緑区,14113,スターチャイルド≪鴨居ナーサリー≫,1410051025518,6,8,10,13,13,13,63,2024-07-01,
緑区,14113,たけやまの森保育園,1410051027506,6,12,15,12,15,15,75,2024-07-01,
緑区,14113,にじいろ保育園鴨居,1410051027563,-,8,10,14,14,6,52,2024-07-01,
緑区,14113,横浜市鴨居保育園,1410051019081,6,17,18,24,27,30,122,2024-07-01,
緑区,14113,みらいつぼみ保育園,1410052002987,-,6,6,-,-,-,12,2024-07-01,
緑区,14113,保育所マナマナハウス,1410052003027,-,6,7,-,-,-,13,2024-07-01,
緑区,14113,マームゆりかご　かもい保育園,1410052004959,1,5,4,-,-,-,10,2024-07-01,
緑区,14113,倉山保育室,1410052003886,-,2,2,-,-,-,4,2024-07-01,
緑区,14113,青砥どんぐり保育園,1410051017283,9,16,18,19,18,19,99,2024-07-01,
緑区,14113,中山こども園,1410051018695,6,11,13,13,14,12,69,2024-07-01,
緑区,14113,やまゆり中山保育園,1410051018299,10,20,20,19,20,17,106,2024-07-01,
緑区,14113,小山保育園,1410051017291,6,15,18,19,18,19,95,2024-07-01,
緑区,14113,みどり寺山保育園,1410051015006,9,12,20,20,23,25,109,2024-07-01,
緑区,14113,寺山保育園,1410051014322,6,16,20,21,22,23,108,2024-07-01,
緑区,14113,わらべうた中山保育園,1410051025245,6,12,12,12,12,11,65,2024-07-01,
緑区,14113,森の台保育園,1410051014371,9,12,12,15,14,15,77,2024-07-01,
緑区,14113,小学館アカデミーなかやま保育園,1410051027852,6,8,10,12,12,12,60,2024-07-01,
緑区,14113,スターチャイルド≪中山ナーサリー≫,1410051019685,3,10,10,13,13,13,62,2024-07-01,
緑区,14113,おひさますまいる保育園,1410051024107,4,11,11,17,17,16,76,2024-07-01,
緑区,14113,にじいろ保育園中山,1410051026045,-,8,10,15,15,15,63,2024-07-01,
緑区,14113,すまいる保育園,1410052002748,1,4,4,-,-,-,9,2024-07-01,
緑区,14113,にこにこすまいる園,1410052004298,1,5,5,-,-,-,11,2024-07-01,
緑区,14113,といろきっず中山保育園,1410052003175,3,6,6,-,-,-,15,2024-07-01,
緑区,14113,ひまわり中山駅前保育園,1410052004132,3,9,9,-,-,-,21,2024-07-01,
緑区,14113,小さな保育園　ままのて,1410052004595,-,10,10,-,-,-,20,2024-07-01,
緑区,14113,新治保育園,1410051017333,3,4,6,5,5,6,29,2024-07-01,
緑区,14113,みどりさくら保育園,1410051017358,8,11,11,11,12,13,66,2024-07-01,
緑区,14113,ポピンズナーサリースクール十日市場駅前,1410051027068,5,6,6,6,6,6,35,2024-07-01,
緑区,14113,ポピンズナーサリースクール横浜十日市場,1410051025526,6,8,10,12,12,12,60,2024-07-01,
緑区,14113,グローバルキッズ十日市場園,1410051015766,4,11,11,8,10,11,55,2024-07-01,
緑区,14113,十日市場こども園,1410051018661,6,12,13,13,13,13,70,2024-07-01,
緑区,14113,ヴィラ十日市場こども園,1410051018679,6,11,13,14,14,13,71,2024-07-01,
緑区,14113,バオバブ霧が丘保育園,1410051017341,2,15,16,14,18,19,84,2024-07-01,
緑区,14113,横浜市十日市場保育園,1410051019057,3,18,18,21,25,25,110,2024-07-01,
緑区,14113,みどりひよこ園,1410052003415,1,6,9,-,-,-,16,2024-07-01,
緑区,14113,ピノキオ保育園十日市場園,1410052003274,-,8,10,-,-,-,18,2024-07-01,
緑区,14113,すまいる十日市場保育園,1410052005881,-,11,10,-,-,-,21,2024-07-01,
緑区,14113,大澤保育室,1410052003878,0,1,2,-,-,-,3,2024-07-01,
緑区,14113,認定こども園　横浜あすか幼稚園,1410051022689,-,-,-,6,7,7,20,2024-07-01,
緑区,14113,認定こども園　横浜マドカ幼稚園,1410051022705,-,-,-,6,6,6,18,2024-07-01,
緑区,14113,長津田こども園,1410051018687,6,13,12,13,14,12,70,2024-07-01,
緑区,14113,パレット保育園・長津田,1410051014991,6,6,8,10,10,8,48,2024-07-01,
緑区,14113,みなみ台保育園,1410051014330,8,20,24,26,22,24,124,2024-07-01,
緑区,14113,みもざ保育園,1410051014348,4,20,20,16,17,12,89,2024-07-01,
緑区,14113,もりの風保育園,1410051014363,6,18,18,21,15,21,99,2024-07-01,
緑区,14113,もみの木保育園,1410051018307,8,12,12,13,12,13,70,2024-07-01,
緑区,14113,明日葉保育園長津田園,1410051026532,6,10,11,11,11,10,59,2024-07-01,
緑区,14113,太陽の子　長津田北保育園,1410051014389,6,10,10,12,12,10,60,2024-07-01,
緑区,14113,キッズフォレ長津田,1410051017374,3,19,20,19,19,20,100,2024-07-01,
緑区,14113,スターチャイルド≪長津田ナーサリー≫,1410051024032,6,8,10,12,11,12,59,2024-07-01,
緑区,14113,スターチャイルド≪長津田駅前ナーサリー≫,1410051027571,-,10,11,12,9,2,44,2024-07-01,
緑区,14113,認可保育所どうぞのひろば,1410051018315,3,10,10,8,11,9,51,2024-07-01,
緑区,14113,シャルール保育園,1410051024867,5,10,11,11,11,10,58,2024-07-01,
緑区,14113,横浜市長津田保育園,1410051019065,8,14,15,15,19,19,90,2024-07-01,
緑区,14113,ゆめの実保育園,1410052002979,-,10,10,-,-,-,20,2024-07-01,
緑区,14113,ハッピーシーズ保育園,1410052003522,-,6,6,-,-,-,12,2024-07-01,
緑区,14113,ハッピーシーズりんご園,1410052004272,-,6,6,-,-,-,12,2024-07-01,
緑区,14113,ハッピーシーズくるみ園,1410052005790,-,6,6,-,-,-,12,2024-07-01,
緑区,14113,マームゆりかご　ながつた保育園,1410052005279,-,6,5,-,-,-,11,2024-07-01,
青葉区,14117,横浜市美しが丘保育園,1410051019099,6,14,18,19,18,19,94,2024-07-01,
青葉区,14117,たまプラーザもみじ保育園,1410051015246,15,21,22,21,20,21,120,2024-07-01,
青葉区,14117,アートチャイルドケアろりぽっぷたまプラーザ,1410051015840,3,12,15,8,14,14,66,2024-07-01,
青葉区,14117,青葉フレール保育園,1410051017382,10,20,23,19,23,21,116,2024-07-01,
青葉区,14117,ポピンズナーサリースクールたまプラーザ,1410051027076,6,15,12,14,14,11,72,2024-07-01,
青葉区,14117,パレット保育園・たまプラーザ,1410051015048,3,11,9,10,7,8,48,2024-07-01,
青葉区,14117,小学館アカデミーたまプラーザ保育園,1410051027837,3,15,15,12,12,10,67,2024-07-01,
青葉区,14117,ニチイキッズ美しが丘保育園,1410051015030,6,12,15,14,19,18,84,2024-07-01,
青葉区,14117,たまプラーザ　こどもの詩保育園,1410051014462,6,8,10,11,11,11,57,2024-07-01,
青葉区,14117,スターチャイルド≪たまプラーザナーサリー≫,1410051018349,3,10,11,12,12,11,59,2024-07-01,
青葉区,14117,美しが丘どろんこ保育園,1410051019719,6,8,10,12,12,12,60,2024-07-01,
青葉区,14117,グローバルキッズたまプラーザ保育園,1410051019701,4,10,10,4,7,7,42,2024-07-01,
青葉区,14117,木下の保育園　たまプラーザ,1410051024529,3,14,15,13,9,8,62,2024-07-01,
青葉区,14117,たまプラーザ小桜愛児園,1410051024875,6,18,18,20,20,15,97,2024-07-01,
青葉区,14117,グローバルキッズ美しが丘保育園,1410051025658,4,11,11,12,10,11,59,2024-07-01,
青葉区,14117,京進のほいくえんＨＯＰＰＡたまプラーザ,1410051026300,5,11,11,11,9,6,53,2024-07-01,
青葉区,14117,たまプラーザぽんた保育園,1410052004744,1,5,3,-,-,-,9,2024-07-01,
青葉区,14117,といろきっずたまプラーザ保育園,1410052004975,4,5,8,-,-,-,17,2024-07-01,
青葉区,14117,たまプラーザベビーリー乳幼児室,1410052004991,1,3,5,-,-,-,9,2024-07-01,
青葉区,14117,横浜市すすき野保育園,1410051020253,7,13,20,20,17,21,98,2024-07-01,
青葉区,14117,小桜愛児園,1410051014405,6,34,34,35,29,35,173,2024-07-01,
青葉区,14117,シャローム保育園,1410051014413,-,25,24,24,26,24,123,2024-07-01,
青葉区,14117,青葉保育園,1410051018323,6,20,20,15,18,20,99,2024-07-01,
青葉区,14117,エンゼルベアあざみ野保育園,1410051017408,6,8,10,10,10,8,52,2024-07-01,
青葉区,14117,グローバルキッズあざみ野園,1410051015857,6,10,11,11,11,11,60,2024-07-01,
青葉区,14117,アスクあざみ野保育園,1410051019370,6,10,14,15,12,13,70,2024-07-01,
青葉区,14117,天才キッズクラブ楽学館あざみ野園,1410051024396,6,9,9,9,10,9,52,2024-07-01,
青葉区,14117,ポピンズナーサリースクールあざみ野,1410051026052,3,8,10,13,13,10,57,2024-07-01,
青葉区,14117,認定こども園あざみ野白ゆり幼稚園,1410051026268,-,8,3,2,6,2,21,2024-07-01,
青葉区,14117,認定こども園大場白ゆり幼稚園,1410051026284,-,-,-,0,0,0,0,2024-07-01,
青葉区,14117,つどいの森もみの木こども園,1410051026813,5,14,15,14,14,14,76,2024-07-01,
青葉区,14117,といろきっず美しが丘保育園,1410052004173,4,8,8,-,-,-,20,2024-07-01,
青葉区,14117,保育所まぁむあざみ野園,1410052004900,4,8,9,-,-,-,21,2024-07-01,
青葉区,14117,あざみ野ひだまり保育園,1410052004967,1,5,4,-,-,-,10,2024-07-01,
青葉区,14117,スターチャイルド≪江田ナーサリー≫,1410051014447,5,5,5,5,5,5,30,2024-07-01,
青葉区,14117,にじいろ保育園江田,1410051015824,3,8,10,10,10,8,49,2024-07-01,
青葉区,14117,スターチャイルド≪荏田北ナーサリー≫,1410051014439,3,10,11,12,12,11,59,2024-07-01,
青葉区,14117,荏田北幼保連携型認定こども園,1410051027647,9,20,24,16,17,12,98,2024-07-01,
青葉区,14117,江田ひまわり保育園,1410052004439,1,5,6,-,-,-,12,2024-07-01,
青葉区,14117,ミアヘルサ保育園ひびき江田,1410052005808,3,8,7,-,-,-,18,2024-07-01,
青葉区,14117,横浜市荏田保育園,1410051020261,8,12,13,20,22,20,95,2024-07-01,
青葉区,14117,サンキッズ荏田西保育園,1410051025831,8,15,17,19,22,22,103,2024-07-01,
青葉区,14117,ベネッセ　市ヶ尾駅前保育園,1410051015832,3,11,11,11,11,10,57,2024-07-01,
青葉区,14117,市が尾こどものいえ保育園,1410051018703,7,11,9,9,9,6,51,2024-07-01,
青葉区,14117,ピッピ保育園,1410051017440,-,2,3,4,5,5,19,2024-07-01,
青葉区,14117,グローバルキッズ市が尾園,1410051019727,2,4,11,10,10,7,44,2024-07-01,
青葉区,14117,ピッピみんなの保育園,1410051025153,2,4,4,6,6,2,24,2024-07-01,
青葉区,14117,市ヶ尾保育園,1410051026110,3,10,10,12,13,14,62,2024-07-01,
青葉区,14117,りとる・ピッピ,1410052003365,0,5,7,-,-,-,12,2024-07-01,
青葉区,14117,大場りとる・ピッピ,1410052003407,1,2,3,-,-,-,6,2024-07-01,
青葉区,14117,ミアヘルサ保育園ひびき市が尾,1410052005816,2,11,9,-,-,-,22,2024-07-01,
青葉区,14117,りんどう保育園,1410051017481,3,10,14,14,9,15,65,2024-07-01,
青葉区,14117,ChaCha Children Kakinokidai,1410051014397,15,32,35,31,35,29,177,2024-07-01,
青葉区,14117,藤が丘もみじ保育センター,1410051015253,2,7,6,4,6,7,32,2024-07-01,
青葉区,14117,アスク藤が丘保育園,1410051017390,6,7,8,7,7,8,43,2024-07-01,
青葉区,14117,ちぐさのもり保育園,1410051017432,4,12,13,14,17,17,77,2024-07-01,
青葉区,14117,グローバルキッズ藤が丘一丁目園,1410051027985,3,10,11,12,10,11,57,2024-07-01,
青葉区,14117,スターチャイルド≪藤が丘ナーサリー≫,1410051018331,3,9,10,10,10,10,52,2024-07-01,
青葉区,14117,ぽれぽれ保育園藤が丘,1410051019834,-,6,8,7,7,8,36,2024-07-01,
青葉区,14117,認定こども園三陽幼稚園・三陽保育園,1410051020576,6,13,15,14,15,13,76,2024-07-01,
青葉区,14117,スターチャイルド≪藤が丘小規模保育所≫,1410052005741,-,7,8,-,-,-,15,2024-07-01,
青葉区,14117,しらとり台保育園,1410051015816,7,19,20,20,20,20,106,2024-07-01,
青葉区,14117,もみじ保育園,1410051015261,5,22,25,23,15,22,112,2024-07-01,
青葉区,14117,みどり乳児園,1410051017457,3,9,11,9,9,11,52,2024-07-01,
青葉区,14117,しらとり台保育園さつきが丘,1410051015014,11,14,15,15,14,15,84,2024-07-01,
青葉区,14117,いずみ青葉台保育園,1410051015790,9,12,15,15,14,15,80,2024-07-01,
青葉区,14117,横浜ナザレ保育園,1410051017473,2,12,10,13,12,10,59,2024-07-01,
青葉区,14117,オルタスそらいろ,1410051017416,8,10,12,12,13,11,66,2024-07-01,
青葉区,14117,プレスクールあおば,1410051014470,3,9,10,9,5,7,43,2024-07-01,
青葉区,14117,太陽の子　桜台保育園,1410051014454,6,10,10,10,11,12,59,2024-07-01,
青葉区,14117,しらとり台保育園つつじが丘,1410051017424,6,11,11,11,10,10,59,2024-07-01,
青葉区,14117,にじいろ保育園青葉台,1410051017499,6,12,14,14,15,14,75,2024-07-01,
青葉区,14117,ベネッセ　青葉台保育園,1410051023471,6,12,13,13,12,11,67,2024-07-01,
青葉区,14117,しらとり台保育園　青葉台,1410051023869,7,10,12,11,9,10,59,2024-07-01,
青葉区,14117,エンゼルベア青葉台保育園,1410051023844,4,10,8,6,5,6,39,2024-07-01,
青葉区,14117,太陽の子　桜台第二保育園,1410051024404,6,12,12,12,11,12,65,2024-07-01,
青葉区,14117,あっぷるキッズ青葉台,1410051024131,-,10,10,9,9,11,49,2024-07-01,
青葉区,14117,明日葉保育園青葉台園,1410051026458,6,8,10,12,11,11,58,2024-07-01,
青葉区,14117,幼保連携型認定こども園青葉台幼稚園,1410051027084,6,28,30,30,30,30,154,2024-07-01,
青葉区,14117,認定こども園ナザレ幼稚園,1410051023240,-,-,-,9,8,9,26,2024-07-01,
青葉区,14117,パレット家庭的保育室　なないろ,1410052003357,0,2,3,-,-,-,5,2024-07-01,
青葉区,14117,ベビーぽけっと松風台,1410052003225,1,7,10,-,-,-,18,2024-07-01,
青葉区,14117,京進のほいくえんＨＯＰＰＡ青葉台園,1410052004413,2,5,5,-,-,-,12,2024-07-01,
青葉区,14117,わいわいＫｉｄｓつつじが丘保育室,1410052004421,1,4,7,-,-,-,12,2024-07-01,
青葉区,14117,といろきっず青葉台保育園,1410052005113,4,5,5,-,-,-,14,2024-07-01,
青葉区,14117,青葉ぽかぽか保育室,1410052005675,0,2,3,-,-,-,5,2024-07-01,
青葉区,14117,横浜市奈良保育園,1410051020246,-,7,14,12,10,12,55,2024-07-01,
青葉区,14117,もみじ第二保育園,1410051017465,5,14,14,15,15,15,78,2024-07-01,
青葉区,14117,ＭＩＷＡあかね台光の子保育園,1410051015782,9,16,16,20,17,17,95,2024-07-01,
青葉区,14117,なかがわ家庭保育室,1410052004629,1,2,2,-,-,-,5,2024-07-01,
青葉区,14117,といろきっず田奈保育園,1410052004892,2,5,5,-,-,-,12,2024-07-01,
青葉区,14117,こどもの国ほしぞら保育園,1410052005287,1,5,7,-,-,-,13,2024-07-01,
都筑区,14118,中川小桜愛児園,1410051014504,-,17,19,20,19,21,96,2024-07-01,
都筑区,14118,中川こども園,1410051019388,3,21,17,18,15,15,89,2024-07-01,
都筑区,14118,エンジェルプラネット,1410051024610,-,9,10,13,13,9,54,2024-07-01,
都筑区,14118,横浜市中川西保育園,1410051019131,4,22,23,21,18,23,111,2024-07-01,
都筑区,14118,そのだ家庭保育室,1410052003910,1,3,1,-,-,-,5,2024-07-01,
都筑区,14118,中川保育園,1410051017572,0,4,8,8,7,9,36,2024-07-01,
都筑区,14118,つづき保育園,1410051017556,3,11,19,20,18,20,91,2024-07-01,
都筑区,14118,つづきルーテル保育園,1410051017564,11,20,20,21,18,19,109,2024-07-01,
都筑区,14118,マーマセンター北保育園,1410051015071,6,9,10,12,12,9,58,2024-07-01,
都筑区,14118,アスクセンター北保育園,1410051017507,6,9,11,12,11,10,59,2024-07-01,
都筑区,14118,わおわおセンター北保育園,1410051015907,6,7,12,15,16,13,69,2024-07-01,
都筑区,14118,ピッコリーノ保育園,1410051017606,4,23,23,-,-,-,50,2024-07-01,
都筑区,14118,パレット保育園・牛久保西,1410051019743,6,14,14,14,13,7,68,2024-07-01,
都筑区,14118,キッズフォレセンター北,1410051025849,4,15,16,19,19,19,92,2024-07-01,
都筑区,14118,保育園みんなのおうち,1410052003449,3,8,8,-,-,-,19,2024-07-01,
都筑区,14118,木下の保育園　センター南,1410051025534,6,12,12,14,14,12,70,2024-07-01,
都筑区,14118,パレット保育園・センター南,1410051017580,5,7,10,9,10,7,48,2024-07-01,
都筑区,14118,アスクセンター南保育園,1410051018364,8,10,10,11,9,11,59,2024-07-01,
都筑区,14118,ポピンズナーサリースクールセンター南,1410051019297,6,8,8,8,8,7,45,2024-07-01,
都筑区,14118,つくし保育園　センター南,1410051014496,6,12,13,16,16,15,78,2024-07-01,
都筑区,14118,エクレスすみれ保育園,1410051023661,8,19,20,-,-,-,47,2024-07-01,
都筑区,14118,さんさん森の保育園センター南,1410051024628,6,8,9,12,12,8,55,2024-07-01,
都筑区,14118,横浜茅ケ崎保育園,1410051027001,9,21,23,26,25,27,131,2024-07-01,
都筑区,14118,ＫＩＤＳＦＯＲＥ　ＡＣＡＤＥＭＹ,1410051027258,-,18,19,20,19,23,99,2024-07-01,
都筑区,14118,横浜市茅ケ崎南保育園,1410051019156,8,21,24,28,26,31,138,2024-07-01,
都筑区,14118,すまいるセンターみなみ保育園,1410052002755,1,4,5,-,-,-,10,2024-07-01,
都筑区,14118,ピノキオ幼児舎センター南園,1410052003167,5,6,7,-,-,-,18,2024-07-01,
都筑区,14118,第二しらとり台保育園,1410051015063,12,18,17,20,18,20,105,2024-07-01,
都筑区,14118,ナーサリーつづき,1410051018398,3,12,25,22,25,24,111,2024-07-01,
都筑区,14118,アスク北山田保育園,1410051018356,8,14,15,15,15,15,82,2024-07-01,
都筑区,14118,滝ヶ谷保育園,1410051015915,3,13,14,14,16,14,74,2024-07-01,
都筑区,14118,よこはま・もあな保育園,1410051026128,3,9,12,14,8,11,57,2024-07-01,
都筑区,14118,認定こども園やまゆりキッズ　横浜みずほ幼稚園,1410051023810,3,7,10,9,8,8,45,2024-07-01,
都筑区,14118,認定こども園　横浜黎明幼稚園,1410051023430,-,-,-,6,7,7,20,2024-07-01,
都筑区,14118,保育ルームキューティー北山田,1410052002797,3,8,8,-,-,-,19,2024-07-01,
都筑区,14118,保育ルームキューティーユー,1410052003472,3,7,9,-,-,-,19,2024-07-01,
都筑区,14118,やまた保育園,1410051015899,10,13,13,11,13,10,70,2024-07-01,
都筑区,14118,すくすく保育園,1410051015873,5,12,13,13,13,13,69,2024-07-01,
都筑区,14118,キッズフォレ東山田,1410051019768,4,11,11,11,11,11,59,2024-07-01,
都筑区,14118,勝田保育園,1410051017523,8,15,18,19,19,19,98,2024-07-01,
都筑区,14118,なかまちっこ園,1410051015881,5,9,9,9,7,9,48,2024-07-01,
都筑区,14118,なかまちっこ　じゃんぷ園,1410051018729,3,12,11,13,13,13,65,2024-07-01,
都筑区,14118,わおわお仲町台保育園,1410051015923,6,20,20,20,22,20,108,2024-07-01,
都筑区,14118,コビープリスクールなかまちだい,1410051023562,6,11,12,12,14,14,69,2024-07-01,
都筑区,14118,シープ保育所,1410051026136,3,9,12,11,12,11,58,2024-07-01,
都筑区,14118,横浜市大熊保育園,1410051019115,3,18,24,25,24,24,118,2024-07-01,
都筑区,14118,認定こども園エクレス,1410051020600,4,12,14,13,14,12,69,2024-07-01,
都筑区,14118,ゆうゆうのもり幼保園,1410051020584,4,10,11,11,10,6,52,2024-07-01,
都筑区,14118,キャリー保育園なかまちだい,1410052003159,2,4,6,-,-,-,12,2024-07-01,
都筑区,14118,エンジェルプラネット仲町台,1410052004918,0,4,7,-,-,-,11,2024-07-01,
都筑区,14118,仲町台もみのき保育室,1410052005634,2,9,9,-,-,-,20,2024-07-01,
都筑区,14118,よこはま夢保育園,1410051018406,6,7,10,13,14,13,63,2024-07-01,
都筑区,14118,グローバルキッズ都筑ふれあいの丘園,1410051015865,4,10,13,15,15,13,70,2024-07-01,
都筑区,14118,アソシエふれあいの丘保育園,1410051018372,9,12,13,15,15,14,78,2024-07-01,
都筑区,14118,横浜市みどり保育園,1410051019123,10,17,20,25,25,31,128,2024-07-01,
都筑区,14118,アリス保育園,1410051027241,3,18,19,-,-,-,40,2024-07-01,
都筑区,14118,さくら保育室,1410052003373,-,9,6,-,-,-,15,2024-07-01,
都筑区,14118,ベイキッズ　あおぞら保育園,1410052002847,1,4,3,-,-,-,8,2024-07-01,
都筑区,14118,川和保育園,1410051017531,3,10,21,35,33,32,134,2024-07-01,
都筑区,14118,都筑ひよこ保育園,1410051017549,10,20,19,20,18,20,107,2024-07-01,
都筑区,14118,スターチャイルド≪川和ナーサリー≫,1410051014488,6,15,16,-,-,-,37,2024-07-01,
都筑区,14118,池辺保育園,1410051017515,2,12,17,17,13,9,70,2024-07-01,
都筑区,14118,池辺おひさま保育園,1410051025385,3,8,9,-,-,-,20,2024-07-01,
都筑区,14118,ゆうぽーと保育園,1410051017598,6,8,10,12,12,12,60,2024-07-01,
都筑区,14118,鴨居北こども園,1410051018711,6,24,24,26,23,23,126,2024-07-01,
都筑区,14118,クオリスキッズ鴨居駅前保育園,1410051018380,8,13,13,12,13,12,71,2024-07-01,
都筑区,14118,ブライト保育園横浜佐江戸,1410051019750,5,8,10,10,11,12,56,2024-07-01,
都筑区,14118,むらき家庭保育室,1410052003928,0,4,1,-,-,-,5,2024-07-01,
戸塚区,14110,横浜市川上保育園,1410051019164,15,30,30,31,30,32,168,2024-07-01,
戸塚区,14110,アートチャイルドケア東戸塚,1410051015931,3,15,14,18,13,15,78,2024-07-01,
戸塚区,14110,明日葉保育園東戸塚園,1410051026540,7,13,14,17,15,17,83,2024-07-01,
戸塚区,14110,岩崎学園東戸塚保育園,1410051017622,18,24,31,37,37,37,184,2024-07-01,
戸塚区,14110,ヴィラ東戸塚こども園,1410051026144,6,14,14,16,13,14,77,2024-07-01,
戸塚区,14110,うみのくに保育園とつか,1410051018463,9,9,11,12,8,12,61,2024-07-01,
戸塚区,14110,キッズパートナー東戸塚,1410051024784,3,7,10,13,9,13,55,2024-07-01,
戸塚区,14110,キッズパートナー東戸塚第２,1410051026748,-,10,11,13,11,11,56,2024-07-01,
戸塚区,14110,銀杏保育園,1410051018430,6,8,10,11,11,11,57,2024-07-01,
戸塚区,14110,こんにちは・ありがとうえん,1410051014520,1,12,13,13,12,13,64,2024-07-01,
戸塚区,14110,ちゃいれっく東戸塚駅前保育園,1410051018737,8,9,9,11,11,11,59,2024-07-01,
戸塚区,14110,ちゃいれっく前田町保育園,1410051018745,4,5,6,5,5,6,31,2024-07-01,
戸塚区,14110,つくし保育園　東戸塚,1410051014538,6,9,10,12,11,12,60,2024-07-01,
戸塚区,14110,名瀬いちい保育園,1410051017689,7,15,15,18,17,16,88,2024-07-01,
戸塚区,14110,にじいろ保育園川上町,1410051015980,5,12,14,18,18,18,85,2024-07-01,
戸塚区,14110,にじいろ保育園品濃町,1410051016004,3,12,15,14,14,13,71,2024-07-01,
戸塚区,14110,にじいろ保育園東戸塚,1410051015998,7,10,9,12,11,12,61,2024-07-01,
戸塚区,14110,ニチイキッズ東戸塚保育園,1410051024040,1,10,11,13,13,13,61,2024-07-01,
戸塚区,14110,ハートの森保育園,1410051014546,8,14,13,15,14,15,79,2024-07-01,
戸塚区,14110,東戸塚こども園,1410051018752,6,11,14,14,10,14,69,2024-07-01,
戸塚区,14110,ベネッセ　東戸塚保育園,1410051025666,6,10,11,11,11,11,60,2024-07-01,
戸塚区,14110,横浜東戸塚雲母保育園,1410051027191,3,8,9,13,10,10,53,2024-07-01,
戸塚区,14110,あきば幼保連携型認定こども園,1410051025294,9,17,20,28,27,32,133,2024-07-01,
戸塚区,14110,幼保連携型認定こども園　ＹＭＣＡ東とつか保育園,1410051027654,3,19,18,20,20,20,100,2024-07-01,
戸塚区,14110,あきば第２保育園,1410052004694,3,8,8,-,-,-,19,2024-07-01,
戸塚区,14110,アスノスひらと保育園東戸塚,1410052006061,0,8,9,-,-,-,17,2024-07-01,
戸塚区,14110,ちゃいれっく平戸町保育室,1410052003217,0,8,7,-,-,-,15,2024-07-01,
戸塚区,14110,東戸塚赤ちゃん保育園,1410052002995,3,8,8,-,-,-,19,2024-07-01,
戸塚区,14110,東戸塚かもめ保育園,1410052004454,2,7,8,-,-,-,17,2024-07-01,
戸塚区,14110,東戸塚かもめ第２保育園,1410052005303,0,7,8,-,-,-,15,2024-07-01,
戸塚区,14110,東戸塚かもめ第３保育園,1410052005444,2,6,8,-,-,-,16,2024-07-01,
戸塚区,14110,東戸塚かもめ第４保育園,1410052005550,2,6,7,-,-,-,15,2024-07-01,
戸塚区,14110,東戸塚みもざ保育園,1410052005592,2,11,9,-,-,-,22,2024-07-01,
戸塚区,14110,東戸塚らびっと保育園,1410052005329,1,9,10,-,-,-,20,2024-07-01,
戸塚区,14110,東戸塚わかば保育園,1410052005600,1,9,9,-,-,-,19,2024-07-01,
戸塚区,14110,くすのき保育園,1410051017648,11,11,20,21,21,22,106,2024-07-01,
戸塚区,14110,くすのき第二保育園,1410051019396,9,16,17,18,18,17,95,2024-07-01,
戸塚区,14110,レインボー保育園,1410051017705,3,8,11,14,13,14,63,2024-07-01,
戸塚区,14110,幼稚園型認定こども園　しらかば幼稚園,1410051021921,-,-,-,2,1,3,6,2024-07-01,
戸塚区,14110,アネラ保育室,1410052003498,-,5,2,-,-,-,7,2024-07-01,
戸塚区,14110,小規模保育施設はまっこ,1410052003019,2,9,11,-,-,-,22,2024-07-01,
戸塚区,14110,はまっこ乳児ルーム,1410052002730,2,5,5,-,-,-,12,2024-07-01,
戸塚区,14110,風の子保育室,1410052005667,1,2,2,-,-,-,5,2024-07-01,
戸塚区,14110,柏尾スマイル保育園,1410051014512,8,10,10,11,8,12,59,2024-07-01,
戸塚区,14110,ことは保育園,1410051017663,6,16,20,22,20,18,102,2024-07-01,
戸塚区,14110,舞岡保育園,1410051027779,-,5,10,14,15,12,56,2024-07-01,
戸塚区,14110,メモリー保育園,1410051023687,6,12,13,12,11,12,66,2024-07-01,
戸塚区,14110,わかば保育園,1410051017713,9,24,24,24,23,21,125,2024-07-01,
戸塚区,14110,あーす保育園　横濱戸塚,1410051027522,-,8,10,17,18,1,54,2024-07-01,
戸塚区,14110,あけぼの保育園,1410051024651,9,10,10,14,14,13,70,2024-07-01,
戸塚区,14110,明日葉保育園第二戸塚園,1410051026508,6,12,13,12,14,12,69,2024-07-01,
戸塚区,14110,明日葉保育園第三戸塚園,1410051026490,6,10,10,12,12,12,62,2024-07-01,
戸塚区,14110,明日葉保育園戸塚西口園,1410051027175,-,10,12,13,14,14,63,2024-07-01,
戸塚区,14110,アスク戸塚保育園,1410051017614,8,11,10,11,11,11,62,2024-07-01,
戸塚区,14110,エミールの森ひばり保育園,1410051017630,0,4,6,5,6,6,27,2024-07-01,
戸塚区,14110,銀杏保育園　胡桃館,1410051024099,-,7,7,10,10,10,44,2024-07-01,
戸塚区,14110,グローバルキッズ戸塚園,1410051015949,5,10,10,11,12,9,57,2024-07-01,
戸塚区,14110,グローバルキッズ戸塚第二保育園,1410051015956,5,20,20,19,19,19,102,2024-07-01,
戸塚区,14110,グローバルキッズ戸塚吉田町保育園,1410051016053,9,20,20,24,24,24,121,2024-07-01,
戸塚区,14110,スターチャイルド≪戸塚ナーサリー≫,1410051027183,3,8,10,13,12,11,57,2024-07-01,
戸塚区,14110,ちゃいれっく戸塚保育園,1410051026060,6,15,15,20,20,19,95,2024-07-01,
戸塚区,14110,つくし保育園　戸塚,1410051024271,9,13,15,18,18,18,91,2024-07-01,
戸塚区,14110,戸塚愛児園,1410051017671,15,32,35,35,35,35,187,2024-07-01,
戸塚区,14110,戸塚せせらぎ保育園,1410051023679,6,12,15,16,17,17,83,2024-07-01,
戸塚区,14110,戸塚ほしの木保育園,1410051025674,5,10,10,10,10,10,55,2024-07-01,
戸塚区,14110,戸塚みどり保育園,1410051018448,6,12,13,13,12,11,67,2024-07-01,
戸塚区,14110,とつかルーテル保育園,1410051019859,12,32,40,42,40,36,202,2024-07-01,
戸塚区,14110,にじいろ保育園戸塚,1410051016012,9,15,15,15,15,15,84,2024-07-01,
戸塚区,14110,にじいろ保育園戸塚駅前,1410051023570,6,10,11,11,11,11,60,2024-07-01,
戸塚区,14110,ののはな保育園,1410051015972,4,10,10,8,10,7,49,2024-07-01,
戸塚区,14110,芙蓉保育園,1410051016038,10,14,14,15,14,14,81,2024-07-01,
戸塚区,14110,南戸塚保育園,1410051016046,6,15,15,18,18,18,90,2024-07-01,
戸塚区,14110,ララランド戸塚,1410051025161,6,12,12,-,-,-,30,2024-07-01,
戸塚区,14110,ララランド戸塚第２,1410051025344,6,9,10,21,20,20,86,2024-07-01,
戸塚区,14110,ララランド戸塚第３,1410051027167,-,13,13,14,14,11,65,2024-07-01,
戸塚区,14110,ＹＭＣＡとつか乳児保育園,1410051018414,12,12,12,-,-,-,36,2024-07-01,
戸塚区,14110,幼保連携型認定こども園　ひまわり幼稚園,1410051025112,-,8,10,12,13,10,53,2024-07-01,
戸塚区,14110,幼保連携型認定こども園　ＹＭＣＡとつか保育園,1410051025757,15,18,18,30,25,25,131,2024-07-01,
戸塚区,14110,あーす保育園戸塚,1410052003126,2,8,8,-,-,-,18,2024-07-01,
戸塚区,14110,あーす保育園戸塚Ａｎｎｅｘ,1410052005295,3,8,8,-,-,-,19,2024-07-01,
戸塚区,14110,あおぞらみらい保育園,1410052003100,3,9,10,-,-,-,22,2024-07-01,
戸塚区,14110,おおぞらどんぐり保育室,1410052002839,1,3,3,-,-,-,7,2024-07-01,
戸塚区,14110,おんぷ保育園,1410052005311,-,10,10,-,-,-,20,2024-07-01,
戸塚区,14110,コアの木保育園,1410052005766,-,9,9,-,-,-,18,2024-07-01,
戸塚区,14110,正光寺保育園吉田町園,1410052004934,6,6,6,-,-,-,18,2024-07-01,
戸塚区,14110,しんざわあゆみ保育室,1410052006079,-,10,10,-,-,-,20,2024-07-01,
戸塚区,14110,戸塚チューリップ保育園,1410052004603,3,6,7,-,-,-,16,2024-07-01,
戸塚区,14110,ぱぷりか保育園　戸塚,1410052005584,2,8,8,-,-,-,18,2024-07-01,
戸塚区,14110,ベイキッズひまわり保育園,1410052004116,2,4,4,-,-,-,10,2024-07-01,
戸塚区,14110,みんなのほいくえんａｔとつか,1410052005758,-,6,6,-,-,-,12,2024-07-01,
戸塚区,14110,横浜市汲沢保育園,1410051020295,-,15,16,17,17,17,82,2024-07-01,
戸塚区,14110,おおぞらひまわり保育園,1410051015287,9,10,12,14,15,15,75,2024-07-01,
戸塚区,14110,丘の上保育園,1410051023778,-,10,12,10,12,10,54,2024-07-01,
戸塚区,14110,幼保連携型認定こども園　みどり幼稚園,1410051024115,-,8,10,12,12,12,54,2024-07-01,
戸塚区,14110,横浜市原宿保育園,1410051020303,-,10,12,12,16,18,68,2024-07-01,
戸塚区,14110,小雀みどり保育園,1410051017655,6,10,12,12,10,12,62,2024-07-01,
戸塚区,14110,聖母の園保育園,1410051015964,-,18,22,19,17,17,93,2024-07-01,
戸塚区,14110,俣野保育園,1410051027019,8,9,12,11,18,16,74,2024-07-01,
戸塚区,14110,松みどり保育所,1410051017697,9,16,20,19,19,19,102,2024-07-01,
戸塚区,14110,幼保連携型認定こども園　南幼稚園,1410051022101,-,11,11,11,10,10,53,2024-07-01,
栄区,14115,横浜市飯島保育園,1410051020329,6,7,9,13,14,16,65,2024-07-01,
栄区,14115,横浜市公田保育園,1410051020337,-,12,13,13,14,15,67,2024-07-01,
栄区,14115,横浜市桂台保育園,1410051020352,8,15,18,18,18,18,95,2024-07-01,
栄区,14115,かつら愛児園,1410051017739,-,15,35,46,47,57,200,2024-07-01,
栄区,14115,大船ルーテル保育園,1410051017721,12,28,29,30,31,31,161,2024-07-01,
栄区,14115,いいじまルーテル保育園,1410051014561,3,10,11,10,10,10,54,2024-07-01,
栄区,14115,やまゆり保育園,1410051017747,9,24,24,24,24,22,127,2024-07-01,
栄区,14115,エミールの森ひよこ保育園,1410051020428,0,4,7,8,4,6,29,2024-07-01,
栄区,14115,かさまの杜保育園,1410051018471,12,23,24,25,25,24,133,2024-07-01,
栄区,14115,ベネッセ　本郷台保育園,1410051015295,6,11,11,11,10,8,57,2024-07-01,
栄区,14115,アスク大船保育園,1410051014553,6,12,12,13,14,12,69,2024-07-01,
栄区,14115,杜ちゃいるど園,1410051019784,8,14,14,15,16,16,83,2024-07-01,
栄区,14115,ふぁみりーさぽーと　のあ,1410051024495,4,8,8,8,8,8,44,2024-07-01,
栄区,14115,すずかけ保育園,1410051024214,12,24,24,-,-,-,60,2024-07-01,
栄区,14115,ニチイキッズさくら本郷台保育園,1410051026698,3,12,12,14,14,14,69,2024-07-01,
栄区,14115,上郷いちい保育園,1410051027787,-,9,12,14,14,12,61,2024-07-01,
栄区,14115,認定こども園　いのやま保育園,1410051020493,6,10,11,11,11,11,60,2024-07-01,
栄区,14115,認定こども園　中野どんぐり保育園,1410051020501,5,10,11,13,11,10,60,2024-07-01,
栄区,14115,認定こども園　飯島東保育園,1410051023802,3,10,10,11,11,11,56,2024-07-01,
栄区,14115,チューリップ保育室,1410052004090,0,11,8,-,-,-,19,2024-07-01,
栄区,14115,芸術の森保育園,1410052003191,6,6,6,-,-,-,18,2024-07-01,
栄区,14115,ふれあいの家　にこにこ保育園,1410052004462,5,8,9,-,-,-,22,2024-07-01,
栄区,14115,マームゆりかごおおふな保育園,1410052005022,0,7,7,-,-,-,14,2024-07-01,
栄区,14115,すまいるおおふな保育園,1410052005568,3,8,8,-,-,-,19,2024-07-01,
栄区,14115,なないろ保育室　,1410052005774,2,5,8,-,-,-,15,2024-07-01,
栄区,14115,アップルミントおおふな保育園,1410052005915,-,8,6,-,-,-,14,2024-07-01,
栄区,14115,トモキッズナーサリーかさま園,1410051027969,-,8,10,10,5,0,33,2024-07-01,
栄区,14115,チームナーサリーBigHug本郷台,1410052006020,-,9,10,-,-,-,19,2024-07-01,
泉区,14116,横浜市和泉保育園,1410051019180,11,15,17,23,19,27,112,2024-07-01,
泉区,14116,ＧＥＮＫＩＤＳいずみ中央保育園,1410051027431,5,10,10,10,10,10,55,2024-07-01,
泉区,14116,白梅いずみ保育園,1410051017796,6,12,14,13,14,13,72,2024-07-01,
泉区,14116,にじいろ保育園いずみ中央,1410051016087,7,8,10,10,10,10,55,2024-07-01,
泉区,14116,鳩の森愛の詩保育園,1410051016103,9,16,20,30,30,30,135,2024-07-01,
泉区,14116,鳩の森愛の詩あすなろ保育園,1410051016095,12,23,23,23,23,23,127,2024-07-01,
泉区,14116,横浜ルンビニー保育園,1410051018497,0,16,22,21,19,19,97,2024-07-01,
泉区,14116,ＧＥＮＫＩＤＳ緑園都市保育園,1410051027449,4,12,12,12,11,12,63,2024-07-01,
泉区,14116,小学館アカデミーりょくえんとし保育園,1410051027860,6,9,10,12,13,14,64,2024-07-01,
泉区,14116,緑園なえば保育園,1410051016129,6,18,20,27,26,27,124,2024-07-01,
泉区,14116,泉の郷保育園いずみ,1410051023695,3,12,12,15,14,15,71,2024-07-01,
泉区,14116,エンゼルおおぞら保育園,1410051017762,6,12,14,16,16,16,80,2024-07-01,
泉区,14116,立場エンゼル保育園,1410051015303,6,9,9,8,9,9,50,2024-07-01,
泉区,14116,中田保育園,1410051017812,4,12,10,11,7,10,54,2024-07-01,
泉区,14116,もも保育園,1410051016111,4,9,12,13,13,13,64,2024-07-01,
泉区,14116,泉の郷保育園なかだ,1410051025104,3,11,11,14,13,13,65,2024-07-01,
泉区,14116,御霊神社保育園,1410051017770,4,10,16,20,20,20,90,2024-07-01,
泉区,14116,白梅保育園,1410051017820,4,12,12,12,12,11,63,2024-07-01,
泉区,14116,白百合愛児園,1410051017804,12,39,42,43,43,43,222,2024-07-01,
泉区,14116,領家キッズ保育園,1410051014587,6,16,18,20,20,20,100,2024-07-01,
泉区,14116,ＹＭＣＡ山手台保育園アルク,1410051018489,8,10,11,10,10,10,59,2024-07-01,
泉区,14116,くるみ保育園,1410051015089,6,24,25,27,28,26,136,2024-07-01,
泉区,14116,苗場保育園,1410051016079,6,12,12,13,14,13,70,2024-07-01,
泉区,14116,ふたば保育園,1410051015311,10,20,22,22,22,22,118,2024-07-01,
泉区,14116,横浜市北上飯田保育園,1410051019172,3,12,14,10,10,10,59,2024-07-01,
泉区,14116,いちょう保育園,1410051017754,2,2,11,7,8,9,39,2024-07-01,
泉区,14116,横浜文化保育園,1410051017838,12,24,29,28,23,26,142,2024-07-01,
泉区,14116,認定こども園　ＹＭＣＡいずみ,1410051026821,5,22,22,19,22,22,112,2024-07-01,
泉区,14116,認定こども園  泉ヶ丘幼稚園,1410051025062,-,8,10,10,9,7,44,2024-07-01,
泉区,14116,認定こども園  いづみ幼稚園,1410051025088,-,8,9,10,10,11,48,2024-07-01,
泉区,14116,認定こども園　岡津幼稚園,1410051023935,-,-,-,0,0,0,0,2024-07-01,
泉区,14116,なかよしこども園,1410051025187,3,5,7,10,12,8,45,2024-07-01,
泉区,14116,ぬくもりの森しんばし　やよい台こども園,1410051023729,0,5,7,6,7,5,30,2024-07-01,
泉区,14116,認定こども園　ふじづかようちえん・ふじづかほくえん,1410051025740,-,5,5,5,5,6,26,2024-07-01,
泉区,14116,認定こども園　宮の台幼稚園,1410051026839,-,5,7,8,9,6,35,2024-07-01,
泉区,14116,認定こども園　明成幼稚園,1410051025096,3,4,5,5,5,5,27,2024-07-01,
泉区,14116,認定こども園　上飯田幼稚園,1410051027282,-,4,5,7,7,7,30,2024-07-01,
泉区,14116,えんがわ,1410052002938,2,5,6,-,-,-,13,2024-07-01,
泉区,14116,サクラフェリーチェ保育園,1410052004280,6,9,6,-,-,-,21,2024-07-01,
泉区,14116,立場らびっと保育園,1410052004124,6,8,8,-,-,-,22,2024-07-01,
泉区,14116,中田いちご保育園,1410052003118,1,5,4,-,-,-,10,2024-07-01,
泉区,14116,中田駅前　はまっこ保育園,1410052004223,2,8,8,-,-,-,18,2024-07-01,
泉区,14116,中田ひまわり保育室,1410052004611,4,9,6,-,-,-,19,2024-07-01,
泉区,14116,鳩の森愛の詩とことこ保育園,1410052005337,-,9,9,-,-,-,18,2024-07-01,
泉区,14116,ベイキッズおひさま保育園,1410052003142,1,5,3,-,-,-,9,2024-07-01,
泉区,14116,マーヤ保育園,1410052002920,4,7,8,-,-,-,19,2024-07-01,
泉区,14116,グロウアップ  モンテッソーリ子どもの家　立場園,1410052005923,-,11,10,-,-,-,21,2024-07-01,
瀬谷区,14114,横浜市瀬谷第二保育園,1410051019198,11,15,18,21,26,19,110,2024-07-01,
瀬谷区,14114,横浜市中屋敷保育園,1410051019206,8,14,15,20,12,21,90,2024-07-01,
瀬谷区,14114,横浜市二ツ橋保育園,1410051020386,-,6,8,13,9,8,44,2024-07-01,
瀬谷区,14114,阿久和保育園,1410051014595,6,15,15,15,15,15,81,2024-07-01,
瀬谷区,14114,鳩の森愛の詩瀬谷保育園,1410051016145,9,14,15,20,21,21,100,2024-07-01,
瀬谷区,14114,瀬谷愛児園,1410051019404,7,14,14,13,9,11,68,2024-07-01,
瀬谷区,14114,瀬谷中央保育園,1410051014611,9,16,18,18,19,20,100,2024-07-01,
瀬谷区,14114,ＧＥＮＫＩＤＳ瀬谷保育園,1410051027456,9,11,10,12,12,12,66,2024-07-01,
瀬谷区,14114,シャローム三育保育園,1410051014603,6,8,15,15,16,16,76,2024-07-01,
瀬谷区,14114,ゆたか保育園,1410051014637,9,12,15,10,10,8,64,2024-07-01,
瀬谷区,14114,グローバルキッズ三ツ境園,1410051027050,-,12,12,12,11,9,56,2024-07-01,
瀬谷区,14114,鳩の森愛の詩　宮沢保育園,1410051015329,-,5,10,15,17,18,65,2024-07-01,
瀬谷区,14114,ティンクル瀬谷保育園,1410051014629,12,20,22,22,21,22,119,2024-07-01,
瀬谷区,14114,Gakkenほいくえん二ツ橋,1410051018505,6,8,10,12,9,8,53,2024-07-01,
瀬谷区,14114,ほうゆう保育園,1410051017846,3,9,15,14,14,10,65,2024-07-01,
瀬谷区,14114,下瀬谷保育園,1410051025278,-,14,15,15,15,14,73,2024-07-01,
瀬谷区,14114,ネスト瀬谷,1410051024644,7,7,7,13,13,13,60,2024-07-01,
瀬谷区,14114,わらべ細谷戸保育園,1410051026185,-,12,15,14,13,17,71,2024-07-01,
瀬谷区,14114,保育室「ネスト」,1410051026797,6,7,7,10,10,10,50,2024-07-01,
瀬谷区,14114,認定こども園　あづまの幼稚園・あづまのナーサリー・youyouキッズ,1410051020550,3,7,10,9,9,10,48,2024-07-01,
瀬谷区,14114,認定こども園はらのこ　原幼稚園,1410051020568,6,12,12,12,12,11,65,2024-07-01,
瀬谷区,14114,認定こども園二ツ橋あいりん幼稚園,1410051026250,0,0,9,12,6,7,34,2024-07-01,
瀬谷区,14114,幼保連携型認定こども園　みなみ幼稚園,1410051024123,-,12,15,16,17,16,76,2024-07-01,
瀬谷区,14114,阿久和キッズ,1410052002789,3,8,8,-,-,-,19,2024-07-01,
瀬谷区,14114,てぃんく２＠ねすと,1410052003332,3,6,7,-,-,-,16,2024-07-01,
瀬谷区,14114,stellar education garden阿久和小規模保育園,1410052005485,-,6,4,-,-,-,10,2024-07-01,
瀬谷区,14114,はぐ＠ねすと,1410052003324,2,5,5,-,-,-,12,2024-07-01,
瀬谷区,14114,ネストぽぽ,1410052002862,2,8,9,-,-,-,19,2024-07-01,
瀬谷区,14114,ネストうーたん,1410052004702,4,9,9,-,-,-,22,2024-07-01,
瀬谷区,14114,瀬谷そらいろ保育園,1410052005782,3,9,10,-,-,-,22,2024-07-01,
瀬谷区,14114,瀬谷みらい保育園,1410052005899,-,6,6,-,-,-,12,2024-07-01,
瀬谷区,14114,NPO法人ちびっこハウス,1410052005949,-,9,11,-,-,-,20,2024-07-01,
瀬谷区,14114,瀬谷すくすく保育園,1410052006046,-,6,6,-,-,-,12,2024-07-01,
瀬谷区,14114,新美保育室（にいみ＊るーむ）,1410052004009,0,0,2,-,-,-,2,2024-07-01,
