施設・事業名,緯度,経度
横浜市馬場保育園,35.507859,139.651384
横浜市鶴見保育園,35.512355,139.679167
横浜市芦穂崎保育園,35.511168,139.681496
横浜市潮田保育園,35.503807,139.691736
北寺尾第二むつみ保育園,35.51741,139.658105
北寺尾むつみ保育園,35.513078,139.65502
ねむの樹　北寺尾保育園,35.512367,139.647112
馬場どろんこ保育園,35.506676,139.646787
ベネッセ菊名保育園,35.508462,139.639833
きくなハート保育園,35.51465,139.63851
駒岡げんきっず保育園,35.523999,139.655524
にじの風保育園,35.528348,139.647472
ＳＡＮＤＡ ＫＩＤ保育園,35.52587,139.652414
にじいろ保育園駒岡四丁目,35.532871,139.655129
駒岡保育園,35.534905,139.659508
明日葉保育園駒岡園,35.532824,139.651156
にじいろ保育園駒岡,35.533934,139.652033
駒岡こども園,35.534587,139.6525
えみ保育園,35.521933,139.644987
上末吉白百合保育園,35.529084,139.66895
末吉いづみ保育園,35.524179,139.673847
鶴見どろんこ保育園,35.521285,139.666319
末吉にこにこ保育園,35.518794,139.671268
保育室ベルファミーユ,35.50494,139.648089
わおわお東寺尾保育園,35.504782,139.657648
東寺尾どろんこ保育園,35.501372,139.652923
フェアリーテイルつばさ,35.511029,139.672268
フェアリーテイルみらい,35.510794,139.673009
總持寺保育園,35.508021,139.669345
ルーチェ保育園　鶴見,35.508254,139.673619
豊岡ひまわり保育園,35.512518,139.674325
みゆさと保育園,35.513463,139.673739
横浜山手モンテッソーリ保育園,35.512808,139.672774
あゆみ保育園　鶴見,35.513193,139.677124
鶴見乳幼児福祉センター保育園,35.502128,139.671797
花園保育園ベビーホーム,35.499262,139.672933
花月園前ここわ保育園,35.499893,139.674495
ヨコハマさくら保育園,35.49733,139.669655
生麦保育園,35.495106,139.671636
生麦ポケット保育園,35.494624,139.667192
スターチャイルド≪生麦ナーサリー≫,35.49413,139.665859
ＳＥＡ　ＫＩＤ保育園,35.497046,139.665909
Ｐ’ｓスマイル保育園,35.508079,139.676851
鶴見ポケット保育園,35.509081,139.677553
Ｊキッズプラネット鶴見保育園,35.506058,139.676506
桑の実鶴見保育園,35.508492,139.678733
ビーンズ保育園,35.494365,139.680332
鶴見あけぼの保育園,35.510023,139.67825
鶴見中央はなかご保育園,35.510726,139.677932
ナーサリーつるみ,35.511788,139.678012
実遊中央保育園,35.512614,139.680468
ポピンズナーサリースクール鶴見,35.510453,139.680729
あーす保育園鶴見中央,35.510405,139.68218
鶴見すずらん保育園,35.509521,139.683483
トライアングル　スマイル,35.508456,139.679595
かもめ保育園,35.504929,139.676028
保育園スカイ・ウイング,35.503844,139.677823
總持寺本町通保育園,35.502524,139.680397
みつる保育園,35.499546,139.685556
みつばち保育園,35.503027,139.689056
入船の森保育園,35.51794,139.630837
東漸保育園,35.511656,139.689827
わくわくの森保育園,35.51976,139.683692
ねむの樹　元宮保育園,35.521219,139.678296
鶴見ルーナ保育園,35.5247,139.686838
太陽の子　尻手保育園,35.529515,139.684306
市場保育園,35.523704,139.683372
わおわお保育園,35.527746,139.676326
ミアヘルサ保育園ひびき矢向,35.529748,139.673929
矢向あけぼの保育園,35.528792,139.678456
明日葉保育園鶴見園,35.514859,139.68245
オハナ鶴見保育園,35.516346,139.681776
市場ポケット保育園,35.517218,139.686484
太陽の子　鶴見市場保育園,35.516932,139.687025
尻手すきっぷ保育園,35.533358,139.683596
横浜矢向雲母保育園,35.534189,139.683798
ぶれすと尻手ほいくえん,35.52656,139.686142
こあらっこはうす　ル・ソレイユ,35.531201,139.679195
ゆめいろ保育園,35.536225,139.67694
Gakkenほいくえん矢向,35.534708,139.681664
矢向保育園,35.539674,139.682508
ベネッセ　矢向保育園,35.535436,139.683487
スターチャイルド≪矢向ナーサリー≫,35.539065,139.678209
新鶴見はなかご保育園,35.537179,139.673235
わおわお江ヶ崎保育園,35.535565,139.672042
木下の保育園　江ヶ崎,35.536844,139.673928
幸いづみ保育園,35.53529,139.686899
認定こども園　若葉幼稚園,35.513471,139.671816
幼保連携型認定こども園　あさひ台幼稚園,35.520405,139.664966
認定こども園　ＹＭＣＡつるみ保育園,35.508343,139.695052
三色えのぐの保育園,35.513768,139.686333
ユニコーン・キッズクラブ,35.517029,139.68699
鶴見ハート保育園,35.509362,139.677201
鶴見Ａｓａ保育園,35.517809,139.687862
ぶれすと尻手ほいくえん附属元宮,35.521655,139.682214
尻手スマイル保育園,35.53094,139.681691
矢向つぼみ保育園,35.531219,139.683113
北寺尾むつみ小規模保育施設,35.513003,139.654792
北寺尾４丁目むつみ小規模保育施設,35.514826,139.656952
フラッフィー小規模保育園,35.514569,139.6557
桑の実馬場保育園,35.506696,139.643381
ひまわりニコニコ保育園,35.531861,139.652508
リュミエール小規模保育園,35.513287,139.674433
ＳＡＩＬ　ＫＩＤ保育園,35.497737,139.661868
鶴見中央ハート保育園,35.509362,139.677201
鶴見ぬくもり保育園,35.508951,139.679246
きらぼし保育園,35.507482,139.6835
おれんじハウス鶴見保育園,35.505945,139.677547
しおつるばしハート保育園,35.506919,139.682522
ひだまりの保育園,35.505567,139.678107
鶴見サンフラワー保育園,35.504971,139.67836
鶴見なのはな保育園,35.501477,139.676115
横浜市西菅田保育園,35.497093,139.575766
保育園こりす,35.500818,139.587492
あおぞら菅田保育園,35.501675,139.590592
羽沢保育園,35.488566,139.586452
アイン三枚町保育園,35.497216,139.606263
コビープリスクールかたくら,35.489435,139.605732
Gakkenほいくえん片倉,35.487481,139.605076
空と杜の保育園かんだいじ,35.481889,139.609225
あおぞら保育園,35.491946,139.614413
ポピンズナーサリースクール片倉町,35.487171,139.613873
横浜市神大寺保育園,35.481889,139.609225
ポピンズナーサリースクール片倉町駅前,35.490524,139.607674
スターチャイルド≪片倉町ナーサリー≫,35.492483,139.608847
こころキッズ,35.493016,139.610976
スターチャイルド≪三ッ沢上町ナーサリー≫,35.476176,139.602765
三ツ沢保育園,35.476691,139.608546
フレール保育園,35.49233,139.631821
いずみ松本町保育園,35.477611,139.6188
アイン松本町保育園,35.476538,139.620713
いずみ反町保育園,35.474059,139.621586
アイン高島台保育園,35.470578,139.620929
Gakkenほいくえん反町,35.47306,139.625666
いずみ反町公園保育園,35.474874,139.62937
小鳩保育園,35.474901,139.63398
小鳩保育園分園,35.474913,139.633534
エンゼル保育園,35.47563,139.633334
かながわ保育園,35.477747,139.634294
きゃんばす東神奈川保育園,35.478123,139.637069
たいせつ保育園,35.477244,139.629728
メリー★ポピンズ東神奈川ルーム,35.477978,139.632783
反町ひかり保育園,35.477273,139.628093
いずみ東白楽保育園,35.479334,139.62907
めばえ横浜保育園,35.483941,139.629549
キッズパートナー六角橋,35.486296,139.623226
グローバルキッズ白楽園,35.487302,139.622816
スターチャイルド≪白楽ナーサリー≫,35.488333,139.62364
あおぞら第２保育園,35.49033,139.620184
マフィス白楽ナーサリー,35.489247,139.626292
スターチャイルド≪岸根公園ナーサリー≫,35.494634,139.619931
白楽あいいく保育園,35.490042,139.627792
キッズラボ白楽園,35.487407,139.628623
白幡フレール保育園,35.49233,139.631821
白幡保育園,35.49048,139.637076
キッズパートナー妙蓮寺,35.494071,139.635963
横浜市松見保育園,35.495889,139.640687
ブライト保育園横浜松見町,35.500738,139.64236
ひびき保育園,35.495983,139.644004
西寺尾保育園,35.497508,139.651273
神ノ木保育園,35.495905,139.648385
グローバルキッズ大口園,35.495565,139.646423
横浜大口雲母保育園,35.494083,139.647779
聖徳保育園,35.488472,139.645289
きゃんばす子安台保育園,35.492857,139.655763
ゆうゆうきっず横浜,35.489058,139.648937
なないろきっど保育園,35.485652,139.64773
グローバルキッズ新子安保育園,35.490048,139.656291
ゆうゆうきっず新子安,35.488362,139.656196
ＧＥＮＫＩＤＳバイリンガル保育園新子安,35.48946,139.660345
太陽の子　新子安保育園,35.486153,139.65611
グローバルキッズ新子安第二保育園,35.488319,139.653013
浦島保育園,35.483225,139.640494
白百合乳児保育園,35.482734,139.640369
第二白百合乳児保育園,35.482514,139.638672
グローバルキッズ子安駅前保育園,35.483302,139.64377
ＹＭＣＡ東かながわ保育園,35.469793,139.638771
ナーサリー横浜ポートサイド,35.467151,139.62923
横浜すきっぷ保育園,35.469517,139.626502
ひびき金港町保育園,35.469978,139.626938
ウィズブック保育園青木町,35.471172,139.628676
認定こども園捜真幼稚園,35.481489,139.61771
うちゅうこども園たんまち,35.473593,139.624787
保育ルーム　岸根公園前,35.49228,139.61323
こころベイビー,35.487993,139.604639
みらいつばさ片倉町保育園,35.486812,139.603994
横浜シュタイナー保育園,35.477338,139.618939
京進のほいくえんＨＯＰＰＡ反町園,35.476968,139.627754
東神奈川ひかり保育園,35.477627,139.628692
キッズパートナー東白楽,35.479975,139.630718
横浜ノーベル保育園,35.480337,139.63137
ＳＵＮＮＹ　ＫＩＤ保育園,35.494487,139.64503
西寺尾チューリップルーム,35.500177,139.646652
京浜保育園パステル,35.490872,139.640637
リトルスカラー新子安保育園,35.489113,139.651742
キッズパートナー新子安,35.487095,139.65602
新町あいりす保育園（令和７年３月で閉園します）,35.481137,139.640577
おれんじハウス横浜駅前保育園,35.46937,139.628229
たいせつ横浜ポートサイド保育園,35.468164,139.629071
ポートサイド野ばな保育園,35.467151,139.62923
スターチャイルド≪横浜ステーションナーサリー≫,35.469337,139.624626
Yokohama Front Mutsumi Nursery,35.469146,139.612677
かわち保育ルーム（令和７年３月で閉園します）,35.410174,139.552963
こまつな保育園,35.467258,139.636195
横浜市南浅間保育園,35.454153,139.606679
トキワ保育園,35.446946,139.604372
利正寺保育園,35.45098,139.608048
浅間幼育園,35.465497,139.611411
むつみ愛児園,35.469146,139.612677
つくし愛児園,35.447575,139.6089
平沼保育園,35.453936,139.611373
あそびの杜保育園（分園含む）,35.449574,139.611
横浜みなとみらい保育園,35.462439,139.623061
にじいろ保育園みなとみらい,35.459471,139.630227
ポピンズナーサリースクールみなとみらい,35.458578,139.631381
ムーミン保育園,35.455222,139.607092
ほっぺるランド横浜岡野,35.459514,139.612116
グリーンポート桜木町保育園,35.459055,139.622878
ポピンズナーサリースクール横浜,35.459976,139.625209
ろぜっと保育園,35.452521,139.609853
桃の木保育園,35.454393,139.613932
キッズポケット木の葉保育園,35.464954,139.611423
マイ・ハート紅葉ヶ丘保育園,35.450993,139.625506
キッズパートナーみなとみらい,35.463696,139.632697
キッズポケット保育園,35.458754,139.61077
横浜岡野すきっぷ保育園,35.46362,139.614331
おはよう保育園　花咲町,35.456565,139.625049
みなとみらいくばがさ保育園,35.458368,139.633817
ウィズブック保育園戸部,35.453904,139.618844
横浜そらいろ保育園,35.460797,139.614288
Maple Nursery 横浜,35.457275,139.620679
アミー保育園高島園,35.460266,139.623022
京急キッズランド新高島保育園,35.462166,139.625864
ポピンズナーサリースクール平沼橋,35.460336,139.616607
にじいろ保育園平沼,35.459817,139.6201
横浜西口保育園,35.459288,139.615073
西区中央もえぎ保育室,35.453797,139.614465
おれんじハウス西戸部保育園,35.449717,139.619476
キッズパートナー平沼橋,35.461288,139.616383
キッズパートナー横浜楠町,35.466511,139.613475
キャリー保育園　桜木町,35.451043,139.624554
キッズパートナーみなとみらい第２,35.463696,139.632697
Maple Nursery WEST,35.46041,139.618097
戸部みつばち保育園,35.45623,139.616248
すぎやま家庭保育室,35.451125,139.611998
スターチャイルド《桜木町ステーションナーサリー》,35.449942,139.631636
クラウン保育園,35.447798,139.627609
ポピンズナーサリースクール馬車道,35.451378,139.638102
アスク馬車道保育園,35.44856,139.637648
にじいろ保育園関内,35.444669,139.635406
伊勢佐木町保育園,35.438364,139.625932
ララランド横浜伊勢佐木,35.437585,139.622561
アスク山下町保育園,35.445234,139.64764
横濱中華幼保園,35.442572,139.644539
うちゅう保育園やました,35.443072,139.652323
アメリカ山徳育こども園,35.441668,139.651466
木下の保育園　山下町,35.440875,139.647162
うみの風保育園,35.442044,139.655313
新山下二丁目保育所,35.439142,139.657791
保育園小紅,35.439257,139.642238
キディ石川町・横浜,35.438825,139.642831
ラフ・クルー元町保育園,35.4379,139.642562
ことぶき保育園,35.438642,139.638869
寿福祉センター保育所,35.438499,139.63756
保育園ばんびーな,35.437261,139.639728
ヨコハマきぼう保育園,35.437567,139.635621
打越保育園,35.434122,139.638395
横浜市山手保育園,35.43554,139.654482
うちゅうこども園やまて,35.43497,139.653403
横浜市竹之丸保育園,35.429054,139.644063
山元町保育園,35.426658,139.637658
木下の保育園　本牧,35.431516,139.659431
横浜市錦保育園,35.428977,139.673559
すいとぴー保育園,35.427318,139.666215
高風保育園,35.41689,139.665586
アスク本牧保育園,35.422121,139.661696
太陽の子　不動下保育園,35.417461,139.639393
ニチイキッズ桜木町保育園,35.448207,139.631443
キッズパートナー横浜市役所,35.450215,139.635183
徳育ナーサリー山下公園,35.447228,139.645638
保育ルーム山下公園,35.445415,139.643974
あいりす　新山下保育室,35.443811,139.647522
ル・ボワ保育園,35.437891,139.635253
保育園ころころキッズガーデン,35.438578,139.622298
のぞみ山手駅前保育園,35.427006,139.646298
ほんもくはら保育園,35.426951,139.666375
アミー保育室　本牧原,35.425107,139.669731
シュハリィ本牧保育園,35.422176,139.662483
あいりす　本牧保育室,35.425549,139.656855
こもれび保育園根岸園,35.418891,139.645558
中村愛児園,35.432166,139.631447
みなみマーノ保育園,35.43412,139.626636
やすらぎ保育園,35.435497,139.629898
横浜市しろばら保育園,35.432825,139.62495
小学館アカデミーまいた保育園,35.433016,139.613953
小さな足あと保育園,35.429662,139.608374
蒔田ひまわり保育園,35.432986,139.610186
睦町保育園,35.430532,139.617458
アスク吉野町保育園,35.436141,139.619271
きらり保育園吉野町,35.436627,139.62189
京急キッズランド黄金町保育園,35.439095,139.620385
清水ヶ丘保育園,35.438846,139.610986
南愛児園,35.435684,139.608522
三春台保育園,35.442472,139.61528
めいとく保育園,35.439805,139.613083
横浜みなみ薫保育園,35.43609,139.617936
くらき永田保育園,35.435367,139.596595
たけのこ永田東保育園,35.437736,139.599702
横浜市永田保育園,35.432191,139.589296
六ツ川台保育園,35.428208,139.579993
六ツ川西保育園,35.423449,139.571396
六ツ川みどり保育園,35.427978,139.580312
よこはま風の遊育園,35.420882,139.581429
アイン弘明寺保育園,35.419512,139.601608
アスクいどがや保育園,35.433486,139.602091
京急キッズランド井土ケ谷駅保育園,35.433888,139.601209
ひびき井土ヶ谷保育園,35.430685,139.597922
プチ・ナーサリー弘明寺,35.422777,139.599391
ララランド井土ヶ谷,35.431011,139.596182
横浜市井土ケ谷保育園,35.429966,139.606764
大岡おひさま保育園,35.415792,139.602207
大岡はるかぜ保育園,35.413994,139.602642
上大岡ラビット保育園,35.416456,139.592978
キッズパートナー弘明寺,35.419914,139.596773
久良岐保育園,35.420415,139.593672
別所保育園,35.416586,139.591923
認定こども園山王台幼稚園,35.429149,139.58715
キューピールームＰ-ｋａｂｏｏ園,35.435278,139.624677
チームナーサリーＢｉｇＨｕｇ南太田,35.433931,139.611728
キッズパートナー井土ヶ谷,35.435543,139.600471
ばばほいくしつ黄金町,35.440542,139.621993
ぽかぽか保育園,35.442442,139.613276
木の花保育園,35.433219,139.605041
竹の子共同保育園,35.431812,139.602314
パナマリア保育園弘明寺園,35.424655,139.60297
つぼみの森保育室,35.462363,139.509351
もりた保育室,35.440559,139.590308
ペパンルーム,35.453915,139.638713
赤い屋根保育園,35.371409,139.58149
アスク上大岡保育園,35.403716,139.594971
アスク港南中央保育園,35.397699,139.587385
アスクさいど保育園,35.414729,139.595653
育美保育園,35.3683,139.590503
オハナ上永谷保育園,35.405457,139.577983
風の丘・上大岡東保育園,35.407487,139.599277
上大岡はるかぜ保育園,35.413994,139.602642
上大岡ゆう保育園,35.409099,139.595335
上永谷保育園,35.405495,139.57615
上永谷西保育園,35.401754,139.564543
キッズガーデン横浜最戸,35.414572,139.59416
クオリスキッズ港南中央保育園,35.399496,139.591552
グローバルキッズ上大岡園,35.404122,139.596606
京急キッズランド上大岡保育園,35.404704,139.597302
京急キッズランド上永谷保育園,35.401959,139.573244
港南あひる保育園,35.413371,139.578082
港南台つばさ保育園,35.373238,139.58634
港南台保育園,35.376525,139.577846
港南台保育センター,35.376533,139.577823
港南つくしんぼ保育園,35.401227,139.593986
港南はるかぜ保育園,35.386102,139.575368
港南ひまわり保育園,35.397335,139.571284
ＣＯＳＭＯＳ保育園,35.390015,139.583236
サイド・サン保育園,35.412807,139.59295
笹下保育園,35.398494,139.590717
笹下南つくしんぼ保育園,35.391273,139.593336
ＳＵＮはるかぜ保育園,35.388728,139.57451
小学館アカデミーかみおおおか保育園,35.41044,139.597249
小学館アカデミーかみながや保育園,35.401975,139.573926
芹が谷ぴよっこ保育園,35.418886,139.575152
太陽の子　港南台保育園,35.378064,139.578593
チェリーガーデン保育園,35.409115,139.566963
つくし保育園　上大岡,35.410643,139.593351
つばさ保育園,35.407976,139.593625
野庭保育園,35.386904,139.573173
白峰保育園,35.37171,139.574178
日野保育園,35.380376,139.590762
丸山台保育園,35.400648,139.567797
みなみひの保育園,35.376311,139.572684
横浜市大久保保育園,35.410104,139.587862
横浜市港南台第二保育園,35.369546,139.589326
横浜市野庭第二保育園,35.39355,139.572095
上大岡ラビット保育園ＴＷＩＮＳ,35.410941,139.594373
キッズアミ,35.402617,139.581437
クオリスキッズ上大岡西保育園,35.404778,139.596649
港南台きらきら保育園,35.379147,139.57722
スクルドエンジェル保育園上大岡園,35.405088,139.595244
ちゅーりっぷキッズ,35.404124,139.59266
ちゅーりっぷハウス,35.40818,139.593061
ニコニコ保育園,35.399696,139.569573
ぱぷりか保育園　上大岡,35.415335,139.598098
保育室アーモ,35.374542,139.575728
Ｐｏｃｏ　ａ　Ｐｏｃｏ保育園,35.397036,139.586638
めぐみ保育園,35.410263,139.593719
クオリスキッズ上大岡駅前保育園,35.406926,139.59716
こどもっと保育園,35.371882,139.578191
認定こども園関東学院のびのびのば園,35.391667,139.567543
認定こども園ムロノキッズ　室の木幼稚園・プリスクール室の木,35.401859,139.581866
認定こども園　森が丘幼稚園,35.39832,139.599631
認定こども園　大谷幼稚園,35.396622,139.588667
認定こども園　竹の子幼稚園,35.388814,139.577287
認定こども園　野庭聖佳幼稚園,35.387873,139.568674
認定こども園　日野幼稚園,35.39533,139.583968
あーす保育園保土ケ谷,35.444614,139.600347
霞台保育園（分園含む）,35.44686,139.594516
学校法人初音丘学園ＰＩＣＣＯＬＩＮＯ,35.447807,139.578393
昴保育園,35.447557,139.600904
ダイアナ保育園,35.444717,139.595828
ゆめの樹保育園ほどがや,35.450197,139.597326
横浜市岩井保育園,35.44195,139.60309
若葉保育園（分園含む）,35.4465,139.579857
岩間保育園,35.452387,139.602859
にじいろ保育園天王町,35.458163,139.602074
ベネッセ　保土ケ谷保育園,35.450029,139.600554
保土ケ谷保育園,35.45604,139.605075
横浜市神戸保育園,35.451879,139.599277
横浜市天王町保育園,35.45534,139.602461
ＧＥＮＫＩＤＳ星川保育園,35.459302,139.596667
合歓の木保育園,35.454825,139.59644
星川こども園,35.459856,139.589991
星川もえぎ保育園,35.459056,139.598193
星川ルーナ保育園,35.460964,139.593349
明神台保育園,35.457445,139.590361
りとる・ルーナ保育園,35.460975,139.593501
アスク和田町保育園,35.464659,139.588785
三丁目こども園,35.462846,139.588973
スターチャイルド≪和田町ナーサリー≫,35.46395,139.584187
にじいろ保育園和田町,35.463524,139.58753
ポポラー横浜和田町園,35.46026,139.584484
ラフ・クルー星川保育園,35.463691,139.592191
認定こども園和田愛児園,35.466391,139.585838
エルアンジュ保育園（分園含む）,35.466579,139.577678
にじいろ保育園上星川,35.468557,139.580769
向台保育園,35.468585,139.568235
梅の木保育園,35.47769,139.570598
えぶち保育園（分園含む）,35.480698,139.570447
えぶちにしや園（分園含む）,35.477232,139.567767
川島保育園,35.472485,139.570182
西谷保育園,35.475378,139.570039
西谷保育園分園　きらり保育園,35.475224,139.570596
アミー保育園　三ツ沢園,35.47789,139.60059
ひかりの風保育園,35.477509,139.590274
森のルーナ保育園,35.473211,139.594106
笹山保育園,35.489337,139.567033
千丸台保育園,35.491952,139.552512
桜ケ丘保育園,35.448043,139.564924
新桜ケ丘保育園,35.454859,139.563594
プチアンジュ保育園,35.453848,139.558276
認定こども園あかいとりこども園,35.438012,139.573586
境木保育園,35.442021,139.563472
認定こども園峯岡幼稚園,35.465547,139.597445
たしろ保育室,35.452173,139.603756
おおきくなぁ〜れ　プチベベ保育室,35.452173,139.603756
おれんじハウス星川保育園,35.457397,139.595549
天王町駅前もえぎ保育園,35.454214,139.602622
ばばほいくしつ星川,35.456197,139.597104
東戸塚もえぎ保育室,35.436029,139.563165
ベイキッズ　おりーぶ保育園,35.461489,139.585611
保育室ピア・ピア,35.45553,139.604503
キッズハーモニー・ほどがや,35.446048,139.600312
横浜市左近山保育園,35.461546,139.549919
マヤ保育園,35.459463,139.560399
横浜市今宿保育園,35.481499,139.529279
ちとせ保育園,35.476824,139.53654
西川島保育園,35.470781,139.556847
鶴ヶ峰保育園,35.469637,139.547266
あっぷる保育園鶴ヶ峰,35.474472,139.549332
上の原保育園,35.46591,139.555111
ポプラ保育園,35.473514,139.549208
ポプラ第二保育園,35.474242,139.550978
オハナ鶴ヶ峰保育園,35.47592,139.550109
あゆみ保育園,35.47674,139.545502
あゆみキッズ保育園,35.476473,139.547078
あゆみ保育園第二,35.47682,139.545472
太陽の子　鶴ヶ峰保育園,35.47814,139.550987
キッズガーデン横浜鶴ヶ峰,35.475302,139.552773
スターチャイルド《鶴ヶ峰ナーサリー》,35.469337,139.624626
横浜市ひかりが丘保育園,35.500142,139.532059
土と愛　子供の家保育所,35.503093,139.530901
土と愛　子供の家保育所第２,35.503093,139.530901
星の子白根保育園,35.48645,139.551775
太陽の子　白根保育園,35.479869,139.55688
グローバルキッズ白根保育園,35.487568,139.542652
まきが原愛児園,35.456858,139.536616
中尾保育園,35.465228,139.518393
横浜市柏保育園,35.449803,139.524223
明徳二俣川保育園,35.463471,139.531141
旭はるかぜ保育園,35.464602,139.52289
横浜小谷かなりや保育園,35.462049,139.542031
太陽の子　さちが丘保育園,35.460165,139.527323
横濱あんじゅ保育園,35.461105,139.532768
のぞみ保育園,35.453806,139.525702
グローバルキッズ南万騎が原園,35.45215,139.525715
太陽の子　二俣川駅保育園,35.463264,139.533035
保育園夢未来二俣川園,35.461033,139.529968
旭あじさい保育園,35.462625,139.530358
ひまわり愛児園,35.478873,139.51565
中希望が丘保育園,35.4593,139.510571
キッズビレッジつくし保育園,35.469844,139.509861
善部保育園,35.452095,139.507734
横浜あさひ中央保育園,35.460855,139.511557
夢のつぼみ保育園,35.467205,139.506673
つぼみ保育園,35.462363,139.509351
三ツ境たんぽぽ保育園,35.471797,139.502812
コナミスポーツ保育園　希望が丘,35.461466,139.515389
希望ヶ丘プラス保育園,35.458769,139.514445
わかばの森保育園,35.508715,139.500568
認定こども園二俣川幼稚園,35.473537,139.538543
認定こども園　上の原幼稚園,35.462488,139.554219
川井宿幼保連携型認定こども園,35.491698,139.521207
認定こども園やつはしキッズ　八ッ橋幼稚園,35.46148,139.508808
認定こども園　希望ヶ丘幼稚園・希望ヶ丘保育園,35.463497,139.519534
認定こども園　オーセルわかば幼稚園,35.504162,139.504902
認定こども園　若葉台こども園,35.505022,139.500198
保育室　ひかり,35.455818,139.564884
あさひすまいる保育園,35.478489,139.548207
ＳＡＦＡＲＩ　ＫＩＤ保育園,35.471841,139.538881
ぱぷりか保育園　鶴ヶ峰,35.475152,139.545743
ＳＥＡＳＯＮ　ＫＩＤ保育園,35.474971,139.548574
ちゃいれっく　上白根保育室,35.488483,139.541748
おれんじハウス二俣川保育園,35.46972,139.54039
旭ローズ保育園,35.462464,139.530473
すずらん二俣川保育園,35.461708,139.527463
マミー保育園二俣川,35.461886,139.527636
保育園スマイルキッズ二俣川駅前,35.458814,139.53091
横濱あんじゅ小規模保育園,35.458687,139.533449
サクラフェリーチェ保育園　二俣川,35.415438,139.500036
とこちゃん☆みっつ保育園,35.468965,139.503173
ハニービー保育園,35.460839,139.508836
スマイルビー保育園,35.461899,139.506586
前島保育園,35.474431,139.550657
サフォークキッズランド横浜園,35.461984,139.529304
ひより保育室,35.469747,139.528865
タドラーキッズ,35.462016,139.508723
あっぷる滝頭保育園,35.423084,139.617044
横浜市東滝頭保育園,35.419531,139.623224
東滝頭保育園　分園,35.419531,139.623224
横浜ナーサリー,35.424194,139.621152
岡村幼児園,35.4161,139.613156
金剛保育園,35.416032,139.608182
根岸星の子保育園,35.416562,139.637979
原町星の子保育園,35.415263,139.630335
西町星の子保育園,35.416012,139.631861
太陽の子　磯子保育園,35.403619,139.619789
ヨコハマみらい保育園,35.403655,139.61973
磯子おひさま保育園,35.403929,139.61889
横浜おひさま保育園,35.403143,139.618352
にじいろ保育園　磯子,35.402398,139.615567
キッズガーデン横浜磯子,35.403672,139.619353
日枝幼児園,35.408956,139.619449
グローバルキッズ磯子保育園,35.398897,139.617841
太陽の子　磯子第二保育園,35.398598,139.614702
汐見台愛育園,35.404622,139.611979
ペガサスわくわくランド,35.395808,139.613552
森幼児園,35.396801,139.612187
屏風ヶ浦はるかぜ保育園,35.395225,139.608611
屏風ゆめの森保育園,35.394027,139.609982
屏風ヶ浦保育園,35.392181,139.61062
新杉田のびのび保育園,35.385199,139.61917
にじいろ保育園　新杉田,35.382585,139.622042
杉田幼児園,35.382416,139.619888
杉田保育園,35.372481,139.618667
つくしんぼ保育園,35.369995,139.613545
アスク新杉田保育園,35.384494,139.621012
アスク新杉田駅前保育園,35.38459,139.621335
キッズパートナー磯子中原,35.38956,139.612052
洋光台保育園,35.380841,139.596466
にじいろ保育園　洋光台,35.382327,139.59863
やべのファミリールーム,35.380522,139.598264
横浜市洋光台第二保育園,35.377765,139.599301
スターチャイルド≪洋光台ナーサリー≫,35.37708,139.593388
洋光台中央福澤保育センター,35.376783,139.593475
根岸すみれ保育園,35.415569,139.629813
根岸サンフラワー保育園,35.415643,139.628984
ベイキッズなのはな保育園,35.399219,139.616502
森おひさま保育園,35.398839,139.614426
汐見台第二愛育園,35.401851,139.609992
岩原保育室,35.385371,139.618434
ピノキオ幼児舎 新杉田園,35.38329,139.617219
みらいつばさ新杉田保育園,35.382585,139.622042
チームナーサリーＢｉｇ Ｈｕｇ洋光台,35.379883,139.600094
チームナーサリーＢｉｇ Ｈｕｇ洋光台２,35.379883,139.600094
くろかわ保育室,35.380593,139.604487
とみおかスマイル保育園,35.368184,139.631318
アイグラン保育園富岡東,35.365975,139.63106
金沢ふたば保育園,35.379653,139.633468
横浜市並木保育園,35.373935,139.638434
かぜのね保育園,35.367041,139.640179
わらべシーサイド保育園,35.367082,139.636513
ちゃいれっく　並木二丁目保育室,35.364228,139.638308
ビアレ横浜スマイル保育園,35.36182,139.639307
しののめ並木保育園,35.356773,139.642434
アイン能見台駅前保育園,35.361208,139.629322
マミングステーション,35.360308,139.629044
きらら保育園,35.359841,139.625894
ＹＭＣＡマナ保育園,35.359489,139.62786
きらら子どもの家,35.354371,139.621614
金沢ぴよっこ保育園,35.358111,139.628872
西柴保育園,35.349935,139.628613
あおぞら谷津保育園,35.34672,139.622222
スターチャイルド≪金沢文庫ナーサリー≫,35.345479,139.623154
京急キッズランド金沢文庫保育園,35.344775,139.622245
＋Ｕすくすくキッズ園,35.343712,139.622573
横浜市金沢さくら保育園,35.339373,139.621114
アイン金沢文庫保育園,35.345128,139.617425
にじいろ保育園金沢文庫,35.344432,139.618394
フレンド金沢文庫保育園,35.342944,139.619928
にじいろ保育園釜利谷,35.342644,139.619485
明日葉保育園金沢文庫園,35.342916,139.61941
マミーズエンジェル金沢文庫駅前保育園,35.343066,139.618578
かまりや保育園,35.34026,139.618243
おひさま保育室,35.550061,139.597832
しののめ保育園,35.339313,139.625925
金沢愛児園,35.336764,139.628516
聖星保育園,35.332423,139.632595
わかくさ保育園,35.333103,139.631022
明徳釜利谷保育園,35.339344,139.60126
金沢白百合幼稚園,35.338524,139.609868
かのん保育園,35.334385,139.612735
北六浦いちい保育園,35.333987,139.61001
コンビプラザレイディアント保育園,35.33487,139.614371
金沢八景ＹＭＣＡ保育園,35.333753,139.621469
ひかりとたねの保育園,35.328151,139.624772
ゆめ和柳町ほいくえん,35.326496,139.62118
関東学院六浦こども園,35.324799,139.626892
横浜市南六浦保育園,35.325609,139.611371
ゆめ和ほいくえん,35.317814,139.616117
家庭的保育室　マリン,35.326584,139.614219
下田みんなの保育園,35.558163,139.636417
グローバルキッズ下田町園,35.559084,139.630058
グローバルキッズ日吉園,35.55645,139.642526
太陽の子　日吉保育園,35.557105,139.640885
日吉みんなの保育園,35.555712,139.645272
日吉ちとせ保育園,35.55592,139.645324
ベネッセ　日吉保育園,35.552051,139.647282
日吉こども園,35.546318,139.652886
みらいく矢上園,35.548424,139.653465
ブライト保育園横浜日吉,35.545939,139.654825
グローバルキッズ日吉五丁目園,35.550748,139.656067
くっくおさんぽ保育園,35.545629,139.652044
アスク日吉東保育園,35.543138,139.648361
さくらんぼ保育園,35.554032,139.645901
アスク日吉本町開善保育園,35.551517,139.635632
アスク日吉本町第二保育園,35.551687,139.635929
Gakkenほいくえん日吉本町,35.547726,139.638401
横浜市南日吉保育園,35.545489,139.634758
みらいく日吉本町園,35.546627,139.631304
スターチャイルド《日吉本町ナーサリー》,35.547115,139.639494
日吉夢保育園,35.550454,139.626813
ヴィラ日吉こども園,35.550978,139.647093
小学館アカデミーひよし保育園,35.547386,139.644691
アスクみのわ保育園,35.546921,139.644002
にじいろ保育園箕輪町,35.543972,139.642377
にじいろ保育園日吉,35.546464,139.644732
みのわのぞみ保育園,35.548148,139.643378
木下の保育園日吉,35.545882,139.642203
日吉箕輪えほんの森保育園,35.54326,139.645697
みらいく高田園,35.553039,139.613944
たかた保育園,35.554939,139.615514
トゥインクルキッズ高田保育園,35.55012,139.620038
ケンパ高田,35.547417,139.62112
パレット保育園・高田,35.549202,139.620435
アイグラン保育園高田東,35.548477,139.619563
ブライト保育園横浜綱島,35.54183,139.623159
森のエルマー保育園,35.546112,139.617564
めぐみ保育園,35.410263,139.593719
港北コスモス保育園,35.540043,139.615008
スターチャイルド≪新吉田ナーサリー≫,35.532834,139.617656
コビープリスクールつなしま,35.535688,139.624713
ベネッセ　綱島台保育園,35.542967,139.632252
パレット保育園・綱島,35.537856,139.635446
第二尚花愛児園,35.53889,139.632094
ウッズ保育園,35.534999,139.633612
尚花愛児園,35.535462,139.630027
にじいろ保育園綱島,35.537072,139.62939
保育室プリンプリンROOM,35.538121,139.628912
スターチャイルド≪綱島ナーサリー≫,35.544488,139.626825
わかさと保育園,35.544799,139.636096
綱島こども園,35.541878,139.639176
キッズフォレ綱島,35.539095,139.634533
こどものまち綱島西保育園,35.539372,139.628842
はなまる保育園,35.536421,139.637547
明日葉保育園綱島園,35.537882,139.640248
ポピンズナーサリースクール綱島,35.538745,139.641364
マイ・ハート綱島東保育園,35.538117,139.642536
Gakkenほいくえん綱島,35.539698,139.642584
アスクゆめみらい保育園,35.542788,139.640758
木下の保育園　綱島東,35.541757,139.64327
キッズパートナー綱島東,35.541214,139.643755
テンダーラビング保育園綱島東,35.541573,139.646345
グローバルキッズ綱島園,35.539515,139.64482
にじいろ保育園綱島東,35.534922,139.635871
大倉山保育園,35.524644,139.632012
横浜市大曽根保育園,35.527435,139.630613
大曽根コスモス保育園,35.531731,139.630744
おおつな保育園,35.531368,139.630706
パレット保育園・大倉山,35.526736,139.63341
大倉山元気の泉保育園,35.527208,139.635311
ぶれすと綱島ほいくえん,35.530412,139.638691
ぶれすと綱島二階ほいくえん,35.530344,139.638611
小学館アカデミーつなしま保育園,35.531361,139.633707
なあな保育園,35.530253,139.642756
ヒューマンアカデミー大倉山保育園,35.518766,139.635486
ちいさなたね保育園,35.526415,139.643773
スターチャイルド≪大倉山ナーサリー≫,35.522863,139.634666
特定非営利活動法人つばき駅前保育園,35.522868,139.630044
ララランド大倉山,35.521847,139.631729
聖保育園第二,35.521349,139.631136
明日葉保育園大倉山園,35.520486,139.630862
森の樹保育園,35.51794,139.630837
おおくらやまえきまえのぞみ保育園,35.520741,139.629709
聖保育園,35.522282,139.627139
天才キッズクラブ楽学館大倉山園,35.522742,139.625435
グローバルキッズ大倉山園,35.523032,139.625055
アスク大倉山保育園,35.518113,139.625165
横浜市太尾保育園,35.520755,139.622466
わおわお大倉山保育園,35.52398,139.624126
くっくおさんぽ保育園大倉山,35.518719,139.620245
たんぽぽ保育園,35.525433,139.623872
くっくおさんぽ保育園ふとお,35.518719,139.620245
大倉山きずな保育園,35.521083,139.628852
おおつな森の保育園,35.519672,139.607501
オハナ新羽保育園,35.528451,139.611968
新羽どろんこ保育園,35.526421,139.609059
キディ大倉山・横浜,35.519177,139.633917
まめどくれっしゅ,35.51946,139.634174
パレット保育園・大豆戸,35.513993,139.624758
キッズラディ,35.512626,139.622628
大豆戸どろんこ保育園,35.516693,139.623807
ペガサスベビー保育園,35.505686,139.612399
岩崎学園新横浜保育園,35.509036,139.616174
ベネッセ　新横浜保育園,35.507934,139.612343
クレシュ新横浜,35.510993,139.621331
岩崎学園新横浜第二保育園,35.512398,139.618274
ペガサス新横浜保育園,35.514064,139.620475
ペガサス夜間保育園,35.514064,139.620475
キッズパートナー小机,35.509617,139.600761
ポピンズナーサリースクール小机,35.507964,139.600842
光の園アンティー保育園,35.498311,139.631931
リトルスカラー妙蓮寺保育園,35.503271,139.63441
横浜市菊名保育園,35.505776,139.638022
菊名愛児園,35.509731,139.635908
グローバルキッズ菊名園,35.512088,139.631934
光の園第二保育園,35.514461,139.630834
うみのくに保育園きくな,35.516163,139.630128
菊名こども園,35.507807,139.630135
光の園保育園,35.510017,139.629633
マーマしのはら保育園,35.501043,139.621402
第二福澤保育センター,35.505093,139.62123
ぶれすと新横浜ほいくえん,35.502712,139.612965
パレット保育園・妙蓮寺,35.495604,139.634167
横浜市港北保育園,35.49621,139.63145
ベイキッズ星の森保育園,35.399263,139.616216
くじら保育園,35.557977,139.62694
もしもしのほし日吉保育園,35.554504,139.646465
イルカ保育園,35.554695,139.646664
スターチス日吉保育園,35.552773,139.645939
ジャンプ保育園,35.549978,139.636318
みらいこうほく保育園,35.548249,139.628697
キッズパートナー日吉,35.551039,139.647321
日吉チューリップルーム,35.549879,139.646822
ルリ保育園日吉,35.545727,139.643256
保育室テックテックROOM,35.540047,139.62863
尚花ぞうさん保育室,35.535308,139.629689
ばばほいくしつ綱島,35.537752,139.629699
キッズパートナー綱島,35.538206,139.630185
リトルスカラー綱島保育園,35.537656,139.635307
天才キッズクラブ楽遊館綱島園,35.535015,139.637521
preschool ALICE Clover,35.539097,139.642903
グローバルキッズ綱島ＳＳＴ保育園,35.54123,139.641885
Ｌｕｃｅ陽だまりの家保育園綱島,35.541677,139.64527
きゅーぴーるーむ大倉山園,35.523043,139.625087
キッズパートナー大倉山,35.518037,139.632356
ほわいと保育園　きくな,35.512378,139.63009
港北こども園,35.516011,139.626009
ピッコロ・グランデ新横浜,35.502419,139.610492
小規模保育事業ＭＩＲＡｉｏ新横浜,35.513059,139.621232
フェアリーテイルそら,35.5135,139.61919
キッズラボ菊名園,35.51332,139.632039
Ｌｕｃｅ陽だまりの家保育園,35.504798,139.628973
佐藤保育室,35.546357,139.653282
ローズ保育園,35.552053,139.615994
横浜りとるぱんぷきんず(保育所部分),35.545774,139.634837
しんよしだこども園（保育所部分）,35.536528,139.621422
認定こども園高木学園附属幼稚園（保育所部分）,35.515252,139.630236
認定こども園新羽幼稚園（保育所部分）,35.525768,139.603494
認定こども園しのはら幼稚園（保育所部分）,35.498813,139.617587
認定こども園岸根こども園（保育所部分）,35.496435,139.610522
福澤保育センター,35.506754,139.580209
そよかぜ保育園,35.510674,139.563585
さくらの郷みらい保育園,35.508221,139.564355
鴨居こども園,35.509719,139.568383
太陽の子　鴨居駅前保育園,35.511516,139.567946
スターチャイルド≪鴨居ナーサリー≫,35.510324,139.566175
たけやまの森保育園,35.49578,139.561789
にじいろ保育園鴨居,35.51114,139.56679
横浜市鴨居保育園,35.51064,139.571012
みらいつぼみ保育園,35.506904,139.564313
保育所マナマナハウス,35.510101,139.57002
マームゆりかご　かもい保育園,35.510823,139.565105
倉山保育室,35.510837,139.564284
青砥どんぐり保育園,35.52105,139.54591
中山こども園,35.518648,139.544621
やまゆり中山保育園,35.515618,139.540197
小山保育園,35.520209,139.538522
みどり寺山保育園,35.516164,139.535991
寺山保育園,35.508787,139.537906
わらべうた中山保育園,35.511385,139.540287
森の台保育園,35.510795,139.530653
小学館アカデミーなかやま保育園,35.514751,139.533624
スターチャイルド≪中山ナーサリー≫,35.513187,139.543337
おひさますまいる保育園,35.512828,139.543536
にじいろ保育園中山,35.516137,139.541593
すまいる保育園,35.516892,139.536846
にこにこすまいる園,35.516828,139.536203
といろきっず中山保育園,35.515116,139.541558
ひまわり中山駅前保育園,35.513094,139.541967
小さな保育園　ままのて,35.513685,139.5343
新治保育園,35.520686,139.519936
みどりさくら保育園,35.522292,139.515398
ポピンズナーサリースクール十日市場駅前,35.526791,139.51619
ポピンズナーサリースクール横浜十日市場,35.521709,139.514919
グローバルキッズ十日市場園,35.526468,139.514586
十日市場こども園,35.522207,139.511799
ヴィラ十日市場こども園,35.525079,139.516711
バオバブ霧が丘保育園,35.514374,139.505923
横浜市十日市場保育園,35.522207,139.511799
みどりひよこ園,35.524988,139.518947
ピノキオ保育園十日市場園,35.524649,139.513388
すまいる十日市場保育園,35.522207,139.511799
大澤保育室,35.506754,139.580209
認定こども園　横浜あすか幼稚園,35.51785,139.505843
認定こども園　横浜マドカ幼稚園,35.511013,139.499797
長津田こども園,35.529085,139.503339
パレット保育園・長津田,35.532224,139.493546
みなみ台保育園,35.521446,139.497725
みもざ保育園,35.520954,139.500884
もりの風保育園,35.517971,139.493367
もみの木保育園,35.531456,139.493912
明日葉保育園長津田園,35.531633,139.502607
太陽の子　長津田北保育園,35.534854,139.495111
キッズフォレ長津田,35.532032,139.4976
スターチャイルド≪長津田ナーサリー≫,35.530029,139.497544
スターチャイルド≪長津田駅前ナーサリー≫,35.530029,139.497544
認可保育所どうぞのひろば,35.535567,139.494303
シャルール保育園,35.534261,139.494711
横浜市長津田保育園,35.534222,139.496498
ゆめの実保育園,35.521484,139.497678
ハッピーシーズ保育園,35.529555,139.495099
ハッピーシーズりんご園,35.529555,139.495099
ハッピーシーズくるみ園,35.529555,139.495099
マームゆりかご　ながつた保育園,35.533057,139.499161
横浜市美しが丘保育園,35.578105,139.560835
たまプラーザもみじ保育園,35.575341,139.560413
アートチャイルドケアろりぽっぷたまプラーザ,35.581428,139.559973
青葉フレール保育園,35.574501,139.559183
ポピンズナーサリースクールたまプラーザ,35.574051,139.554128
パレット保育園・たまプラーザ,35.578015,139.558877
小学館アカデミーたまプラーザ保育園,35.580944,139.559563
ニチイキッズ美しが丘保育園,35.581281,139.548085
たまプラーザ　こどもの詩保育園,35.576629,139.55767
スターチャイルド≪たまプラーザナーサリー≫,35.575338,139.557848
美しが丘どろんこ保育園,35.583848,139.55352
グローバルキッズたまプラーザ保育園,35.580228,139.559463
木下の保育園　たまプラーザ,35.577403,139.562222
たまプラーザ小桜愛児園,35.575678,139.557988
グローバルキッズ美しが丘保育園,35.579962,139.557445
京進のほいくえんＨＯＰＰＡたまプラーザ,35.577008,139.560342
たまプラーザぽんた保育園,35.583818,139.553832
といろきっずたまプラーザ保育園,35.573912,139.554151
たまプラーザベビーリー乳幼児室,35.578274,139.556145
横浜市すすき野保育園,35.577516,139.541549
小桜愛児園,35.573388,139.549937
シャローム保育園,35.568326,139.541233
青葉保育園,35.577684,139.534264
エンゼルベアあざみ野保育園,35.568478,139.555561
グローバルキッズあざみ野園,35.56556,139.555424
アスクあざみ野保育園,35.567434,139.551664
天才キッズクラブ楽学館あざみ野園,35.572613,139.55155
ポピンズナーサリースクールあざみ野,35.567086,139.54625
認定こども園あざみ野白ゆり幼稚園,35.570066,139.535593
認定こども園大場白ゆり幼稚園,35.562042,139.534357
つどいの森もみの木こども園,35.531456,139.493912
といろきっず美しが丘保育園,35.572191,139.551842
保育所まぁむあざみ野園,35.567389,139.557755
あざみ野ひだまり保育園,35.568636,139.547717
スターチャイルド≪江田ナーサリー≫,35.561911,139.5504
にじいろ保育園江田,35.558655,139.552067
スターチャイルド≪荏田北ナーサリー≫,35.558235,139.5462
荏田北幼保連携型認定こども園,35.560479,139.54871
江田ひまわり保育園,35.552099,139.553398
ミアヘルサ保育園ひびき江田,35.557223,139.549569
横浜市荏田保育園,35.557047,139.541345
サンキッズ荏田西保育園,35.547679,139.548483
ベネッセ　市ヶ尾駅前保育園,35.551115,139.539981
市が尾こどものいえ保育園,35.540137,139.54699
ピッピ保育園,35.550169,139.547262
グローバルキッズ市が尾園,35.551359,139.541718
ピッピみんなの保育園,35.553779,139.544127
市ヶ尾保育園,35.543867,139.54413
りとる・ピッピ,35.551104,139.542862
大場りとる・ピッピ,35.561087,139.531164
ミアヘルサ保育園ひびき市が尾,35.552555,139.543004
りんどう保育園,35.555277,139.52086
ChaCha Children Kakinokidai,35.548927,139.527634
藤が丘もみじ保育センター,35.539151,139.526212
アスク藤が丘保育園,35.544056,139.526588
ちぐさのもり保育園,35.53718,139.530183
グローバルキッズ藤が丘一丁目園,35.54492,139.530175
スターチャイルド≪藤が丘ナーサリー≫,35.543141,139.528365
ぽれぽれ保育園藤が丘,35.54553,139.529223
認定こども園三陽幼稚園・三陽保育園,35.55972,139.517262
スターチャイルド≪藤が丘小規模保育所≫,35.543141,139.528365
しらとり台保育園,35.537115,139.513138
もみじ保育園,35.546163,139.508491
みどり乳児園,35.549727,139.51764
しらとり台保育園さつきが丘,35.533781,139.522108
いずみ青葉台保育園,35.544098,139.514551
横浜ナザレ保育園,35.539208,139.516638
オルタスそらいろ,35.541586,139.51789
プレスクールあおば,35.546905,139.518922
太陽の子　桜台保育園,35.550301,139.518571
しらとり台保育園つつじが丘,35.535678,139.517768
にじいろ保育園青葉台,35.546337,139.519051
ベネッセ　青葉台保育園,35.540629,139.515829
しらとり台保育園　青葉台,35.5425,139.522061
エンゼルベア青葉台保育園,35.542277,139.513564
太陽の子　桜台第二保育園,35.550157,139.516067
あっぷるキッズ青葉台,35.53956,139.513414
明日葉保育園青葉台園,35.545372,139.513124
幼保連携型認定こども園青葉台幼稚園,35.540709,139.51472
認定こども園ナザレ幼稚園,35.558461,139.500872
パレット家庭的保育室　なないろ,35.541723,139.512322
ベビーぽけっと松風台,35.544768,139.509757
京進のほいくえんＨＯＰＰＡ青葉台園,35.540424,139.520057
わいわいＫｉｄｓつつじが丘保育室,35.537323,139.51957
といろきっず青葉台保育園,35.542883,139.514177
青葉ぽかぽか保育室,35.532639,139.513971
横浜市奈良保育園,35.563949,139.481574
もみじ第二保育園,35.539636,139.49938
ＭＩＷＡあかね台光の子保育園,35.541785,139.483827
なかがわ家庭保育室,35.554658,139.580676
といろきっず田奈保育園,35.53822,139.502876
こどもの国ほしぞら保育園,35.56002,139.48122
中川小桜愛児園,35.563004,139.569635
中川こども園,35.563118,139.570574
エンジェルプラネット,35.561877,139.569291
横浜市中川西保育園,35.56403,139.565899
そのだ家庭保育室,35.565121,139.571709
中川保育園,35.552866,139.592756
つづき保育園,35.56017,139.581787
つづきルーテル保育園,35.557167,139.575616
マーマセンター北保育園,35.558021,139.57789
アスクセンター北保育園,35.550769,139.579013
わおわおセンター北保育園,35.55205,139.577049
ピッコリーノ保育園,35.551129,139.577861
パレット保育園・牛久保西,35.561562,139.579273
キッズフォレセンター北,35.554694,139.579574
保育園みんなのおうち,35.554658,139.580676
木下の保育園　センター南,35.548855,139.576521
パレット保育園・センター南,35.543592,139.572551
アスクセンター南保育園,35.546254,139.573566
ポピンズナーサリースクールセンター南,35.547103,139.572229
つくし保育園　センター南,35.546357,139.574773
エクレスすみれ保育園,35.538084,139.572089
さんさん森の保育園センター南,35.546942,139.575483
横浜茅ケ崎保育園,35.54072,139.579392
ＫＩＤＳＦＯＲＥ　ＡＣＡＤＥＭＹ,35.549075,139.57518
横浜市茅ケ崎南保育園,35.540499,139.570246
すまいるセンターみなみ保育園,35.541287,139.577623
ピノキオ幼児舎センター南園,35.544445,139.575188
第二しらとり台保育園,35.560793,139.588545
ナーサリーつづき,35.557401,139.588115
アスク北山田保育園,35.563242,139.585279
滝ヶ谷保育園,35.559755,139.595593
よこはま・もあな保育園,35.555306,139.580803
認定こども園やまゆりキッズ　横浜みずほ幼稚園,35.560016,139.587794
認定こども園　横浜黎明幼稚園,35.565341,139.59643
保育ルームキューティー北山田,35.561666,139.592299
保育ルームキューティーユー,35.56179,139.592269
やまた保育園,35.555328,139.603986
すくすく保育園,35.512007,139.537756
キッズフォレ東山田,35.553008,139.604593
勝田保育園,35.541195,139.592175
なかまちっこ園,35.534371,139.590922
なかまちっこ　じゃんぷ園,35.533556,139.589558
わおわお仲町台保育園,35.535072,139.587032
コビープリスクールなかまちだい,35.542421,139.591692
シープ保育所,35.53928,139.593437
横浜市大熊保育園,35.534968,139.594036
認定こども園エクレス,35.536839,139.590042
ゆうゆうのもり幼保園,35.544972,139.599113
キャリー保育園なかまちだい,35.535695,139.586809
エンジェルプラネット仲町台,35.534563,139.590253
仲町台もみのき保育室,35.536777,139.589487
よこはま夢保育園,35.537264,139.560213
グローバルキッズ都筑ふれあいの丘園,35.536942,139.557597
アソシエふれあいの丘保育園,35.535904,139.562588
横浜市みどり保育園,35.539735,139.559769
アリス保育園,35.538668,139.559859
さくら保育室,35.537865,139.559565
ベイキッズ　あおぞら保育園,35.540744,139.560681
川和保育園,35.522631,139.553929
都筑ひよこ保育園,35.523781,139.557839
スターチャイルド≪川和ナーサリー≫,35.527853,139.549123
池辺保育園,35.525031,139.573454
池辺おひさま保育園,35.523447,139.564838
ゆうぽーと保育園,35.518824,139.564992
鴨居北こども園,35.518129,139.571
クオリスキッズ鴨居駅前保育園,35.513314,139.569091
ブライト保育園横浜佐江戸,35.519341,139.560786
むらき家庭保育室,35.515235,139.650281
横浜市川上保育園,35.428744,139.556149
アートチャイルドケア東戸塚,35.433744,139.56226
明日葉保育園東戸塚園,35.424402,139.556167
岩崎学園東戸塚保育園,35.431052,139.560404
ヴィラ東戸塚こども園,35.426519,139.560288
うみのくに保育園とつか,35.427016,139.546418
キッズパートナー東戸塚,35.433253,139.556051
キッズパートナー東戸塚第２,35.433596,139.556108
銀杏保育園,35.422808,139.546149
こんにちは・ありがとうえん,35.438915,139.554212
ちゃいれっく東戸塚駅前保育園,35.426693,139.559997
ちゃいれっく前田町保育園,35.427188,139.551608
つくし保育園　東戸塚,35.433343,139.558982
名瀬いちい保育園,35.333987,139.61001
にじいろ保育園川上町,35.43152,139.555648
にじいろ保育園品濃町,35.427346,139.558693
にじいろ保育園東戸塚,35.430249,139.554413
ニチイキッズ東戸塚保育園,35.426925,139.560189
ハートの森保育園,35.436493,139.551878
東戸塚こども園,35.435332,139.560937
ベネッセ　東戸塚保育園,35.430794,139.563131
横浜東戸塚雲母保育園,35.424198,139.556445
あきば幼保連携型認定こども園,35.418316,139.541312
幼保連携型認定こども園　ＹＭＣＡ東とつか保育園,35.433616,139.553298
あきば第２保育園,35.418551,139.542146
アスノスひらと保育園東戸塚,35.429486,139.557695
ちゃいれっく平戸町保育室,35.42697,139.561322
東戸塚赤ちゃん保育園,35.43175,139.557525
東戸塚かもめ保育園,35.428245,139.55735
東戸塚かもめ第２保育園,35.427488,139.557816
東戸塚かもめ第３保育園,35.428113,139.557954
東戸塚かもめ第４保育園,35.428245,139.55735
東戸塚みもざ保育園,35.43122,139.559841
東戸塚らびっと保育園,35.427857,139.559522
東戸塚わかば保育園,35.432743,139.557471
くすのき保育園,35.423823,139.532896
くすのき第二保育園,35.422251,139.53339
レインボー保育園,35.416824,139.532299
幼稚園型認定こども園　しらかば幼稚園,35.409309,139.52853
アネラ保育室,35.420779,139.535349
小規模保育施設はまっこ,35.407765,139.520252
はまっこ乳児ルーム,35.409749,139.519949
風の子保育室,35.423765,139.529587
柏尾スマイル保育園,35.416141,139.547037
ことは保育園,35.417865,139.549757
舞岡保育園,35.389797,139.552653
メモリー保育園,35.406332,139.550009
わかば保育園,35.397901,139.54955
あーす保育園　横濱戸塚,35.402695,139.536901
あけぼの保育園,35.382033,139.54612
明日葉保育園第二戸塚園,35.40254,139.534802
明日葉保育園第三戸塚園,35.402491,139.534194
明日葉保育園戸塚西口園,35.39586,139.531341
アスク戸塚保育園,35.400685,139.528134
エミールの森ひばり保育園,35.402182,139.523179
銀杏保育園　胡桃館,35.402056,139.534522
グローバルキッズ戸塚園,35.401749,139.53295
グローバルキッズ戸塚第二保育園,35.402329,139.532927
グローバルキッズ戸塚吉田町保育園,35.400598,139.537677
スターチャイルド≪戸塚ナーサリー≫,35.405586,139.531985
ちゃいれっく戸塚保育園,35.402903,139.535467
つくし保育園　戸塚,35.399282,139.531572
戸塚愛児園,35.39582,139.532634
戸塚せせらぎ保育園,35.402637,139.535434
戸塚ほしの木保育園,35.402126,139.530367
戸塚みどり保育園,35.3959,139.530432
とつかルーテル保育園,35.400271,139.53816
にじいろ保育園戸塚,35.401665,139.531473
にじいろ保育園戸塚駅前,35.40131,139.53371
ののはな保育園,35.396549,139.524727
芙蓉保育園,35.394019,139.526562
南戸塚保育園,35.387981,139.526791
ララランド戸塚,35.401554,139.53142
ララランド戸塚第２,35.401257,139.530049
ララランド戸塚第３,35.40332,139.536926
ＹＭＣＡとつか乳児保育園,35.398928,139.538648
幼保連携型認定こども園　ひまわり幼稚園,35.405055,139.532363
幼保連携型認定こども園　ＹＭＣＡとつか保育園,35.397499,139.538863
あーす保育園戸塚,35.4048,139.536376
あーす保育園戸塚Ａｎｎｅｘ,35.403125,139.536775
あおぞらみらい保育園,35.39435,139.53602
おおぞらどんぐり保育室,35.38443,139.521622
おんぷ保育園,35.401106,139.528447
コアの木保育園,35.401462,139.534761
正光寺保育園吉田町園,35.399855,139.539555
しんざわあゆみ保育室,35.395763,139.528335
戸塚チューリップ保育園,35.396097,139.535278
ぱぷりか保育園　戸塚,35.39973,139.536078
ベイキッズひまわり保育園,35.410544,139.512645
みんなのほいくえんａｔとつか,35.399934,139.530686
横浜市汲沢保育園,35.398205,139.519407
おおぞらひまわり保育園,35.386763,139.515893
丘の上保育園,35.396227,139.521892
幼保連携型認定こども園　みどり幼稚園,35.400812,139.517171
横浜市原宿保育園,35.378179,139.500602
小雀みどり保育園,35.369347,139.517258
聖母の園保育園,35.374946,139.501986
俣野保育園,35.388739,139.489392
松みどり保育所,35.373162,139.504472
幼保連携型認定こども園　南幼稚園,35.382351,139.505255
横浜市飯島保育園,35.373676,139.535596
横浜市公田保育園,35.357924,139.557313
横浜市桂台保育園,35.353155,139.565275
かつら愛児園,35.361713,139.552495
大船ルーテル保育園,35.365014,139.541957
いいじまルーテル保育園,35.36791,139.530563
やまゆり保育園,35.371461,139.558411
エミールの森ひよこ保育園,35.379165,139.554807
かさまの杜保育園,35.361425,139.536582
ベネッセ　本郷台保育園,35.367068,139.548811
アスク大船保育園,35.359044,139.534622
杜ちゃいるど園,35.356171,139.532798
ふぁみりーさぽーと　のあ,35.347982,139.574618
すずかけ保育園,35.371072,139.546906
ニチイキッズさくら本郷台保育園,35.365981,139.551155
上郷いちい保育園,35.349042,139.576751
認定こども園　いのやま保育園,35.355598,139.575535
認定こども園　中野どんぐり保育園,35.368727,139.566863
認定こども園　飯島東保育園,35.370976,139.540623
チューリップ保育室,35.371458,139.552156
芸術の森保育園,35.359659,139.532743
ふれあいの家　にこにこ保育園,35.399696,139.569573
マームゆりかごおおふな保育園,35.356756,139.533121
すまいるおおふな保育園,35.35519,139.533218
なないろ保育室　,35.485652,139.64773
アップルミントおおふな保育園,35.359827,139.536973
トモキッズナーサリーかさま園,35.360127,139.54157
チームナーサリーBigHug本郷台,35.365282,139.555387
横浜市和泉保育園,35.428117,139.494894
ＧＥＮＫＩＤＳいずみ中央保育園,35.413435,139.486978
白梅いずみ保育園,35.414332,139.484698
にじいろ保育園いずみ中央,35.417182,139.48693
鳩の森愛の詩保育園,35.430622,139.508402
鳩の森愛の詩あすなろ保育園,35.430622,139.508402
横浜ルンビニー保育園,35.43584,139.513227
ＧＥＮＫＩＤＳ緑園都市保育園,35.439029,139.520692
小学館アカデミーりょくえんとし保育園,35.438438,139.520593
緑園なえば保育園,35.44013,139.526584
泉の郷保育園いずみ,35.415755,139.494119
エンゼルおおぞら保育園,35.415847,139.499447
立場エンゼル保育園,35.418619,139.500164
中田保育園,35.405963,139.503068
もも保育園,35.407698,139.504028
泉の郷保育園なかだ,35.410177,139.51218
御霊神社保育園,35.419435,139.510709
白梅保育園,35.403406,139.509787
白百合愛児園,35.412186,139.516067
領家キッズ保育園,35.421504,139.523129
ＹＭＣＡ山手台保育園アルク,35.418882,139.52352
くるみ保育園,35.397427,139.491384
苗場保育園,35.391035,139.492643
ふたば保育園,35.402939,139.491341
横浜市北上飯田保育園,35.430244,139.475795
いちょう保育園,35.433099,139.473976
横浜文化保育園,35.441751,139.483464
認定こども園　ＹＭＣＡいずみ,35.42382,139.478387
認定こども園  泉ヶ丘幼稚園,35.406334,139.494808
認定こども園  いづみ幼稚園,35.414769,139.489161
認定こども園　岡津幼稚園,35.432255,139.522151
なかよしこども園,35.396801,139.495943
ぬくもりの森しんばし　やよい台こども園,35.432917,139.511797
認定こども園　ふじづかようちえん・ふじづかほくえん,35.401476,139.482261
認定こども園　宮の台幼稚園,35.42198,139.510974
認定こども園　明成幼稚園,35.426195,139.476656
認定こども園　上飯田幼稚園,35.425978,139.483114
えんがわ,35.570069,139.506176
サクラフェリーチェ保育園,35.415438,139.500036
立場らびっと保育園,35.416582,139.499592
中田いちご保育園,35.404328,139.504323
中田駅前　はまっこ保育園,35.410581,139.511319
中田ひまわり保育室,35.414866,139.511818
鳩の森愛の詩とことこ保育園,35.415839,139.487113
ベイキッズおひさま保育園,35.410544,139.512645
マーヤ保育園,35.42888,139.505488
グロウアップ  モンテッソーリ子どもの家　立場園,35.413526,139.503654
横浜市瀬谷第二保育園,35.46689,139.486782
横浜市中屋敷保育園,35.485113,139.474583
横浜市二ツ橋保育園,35.474297,139.498482
阿久和保育園,35.453175,139.50096
鳩の森愛の詩瀬谷保育園,35.46548,139.49851
瀬谷愛児園,35.475859,139.489383
瀬谷中央保育園,35.465901,139.485794
ＧＥＮＫＩＤＳ瀬谷保育園,35.470713,139.484344
シャローム三育保育園,35.47237,139.496534
ゆたか保育園,35.469983,139.4908
グローバルキッズ三ツ境園,35.466748,139.495663
鳩の森愛の詩　宮沢保育園,35.455586,139.490424
ティンクル瀬谷保育園,35.468633,139.481272
Gakkenほいくえん二ツ橋,35.468794,139.496071
ほうゆう保育園,35.450443,139.508148
下瀬谷保育園,35.459143,139.473939
ネスト瀬谷,35.467182,139.502692
わらべ細谷戸保育園,35.483442,139.486728
保育室「ネスト」,35.467182,139.502692
認定こども園　あづまの幼稚園・あづまのナーサリー・youyouキッズ,35.478085,139.500251
認定こども園はらのこ　原幼稚園,35.449131,139.497538
認定こども園二ツ橋あいりん幼稚園,35.464024,139.494025
幼保連携型認定こども園　みなみ幼稚園,35.437711,139.50026
阿久和キッズ,35.454022,139.502167
てぃんく２＠ねすと,35.470056,139.484496
stellar education garden阿久和小規模保育園,35.45103,139.502691
はぐ＠ねすと,35.468589,139.501223
ネストぽぽ,35.466859,139.485754
ネストうーたん,35.467593,139.485615
瀬谷そらいろ保育園,35.469995,139.484334
瀬谷みらい保育園,35.465144,139.479793
NPO法人ちびっこハウス,35.465716,139.502906
瀬谷すくすく保育園,35.512007,139.537756
新美保育室（にいみ＊るーむ）,35.458638,139.474787
